"Voter","Team.Aff","Role","13/14 All Defense","13/14 All NBA","13/14 All Rookie","13/14 Coach","13/14 Defensive","13/14 Improved","13/14 MVP","13/14 Rookie","13/14 Sixth Man","14/15 All Defense","14/15 All NBA","14/15 All Rookie","14/15 Coach","14/15 Defensive","14/15 Improved","14/15 MVP","14/15 Rookie","14/15 Sixth Man","15/16 All Defense","15/16 All NBA","15/16 All Rookie","15/16 Coach","15/16 Defensive","15/16 Improved","15/16 MVP","15/16 Rookie","15/16 Sixth Man","16/17 All Defense","16/17 All NBA","16/17 All Rookie","16/17 Coach","16/17 Defensive","16/17 Improved","16/17 MVP","16/17 Rookie","16/17 Sixth Man","17/18 All Defense","17/18 All NBA","17/18 All Rookie","17/18 Coach","17/18 Defensive","17/18 Improved","17/18 MVP","17/18 Rookie","17/18 Sixth Man","avg","n"
"Aaron Falk","UTA","writer",0,0,0.163934426229508,0,0,-0.00813008130081316,0,1.38842975206612,-0.0163934426229506,1.61111111111111,-0.00793650793650791,0.448818897637795,-0.0314960629921259,0.849206349206349,1.99206349206349,0,0,0,0.52755905511811,-0.0238095238095237,0.803149606299213,-0.015748031496063,-0.0787401574803148,-0.015748031496063,0,0,0,,,,,,,,,,,,,,,,,,,0.280972994466568,27
"Adam Himmelsbach","BOS","writer",,,,,,,,,,,,,,,,,,,,0.88,,,,0.595238095238095,0,0,0.777777777777778,,,,,,,,,,,,,,,,,,,0.450603174603175,5
"Adrian Chavarria","HOU","radio play-by-play (Spanish)",,,-0.00819672131147531,,-0.163934426229508,,0.549180327868853,0,0,-0.206349206349207,,,0.905511811023622,-0.00793650793650791,,,0,,0.905511811023622,1.33333333333333,0,,,,-0.0234375,,,,,,,,,,,,,,,,,,,,,0.252590993955595,13
"Ailene Voisin","SAC","writer",,,,,,,,,,,,,,,,,,,,,,,,,,,,0,0,0.397959183673469,0,0,0,0,-0.204081632653061,0,0,0,0.918367346938776,0,0,0,0,0,0,0.0617913832199547,18
"Al Iannazzone","NYK","writer",,,0.380165289256198,,0,,-0.0247933884297522,-0.141666666666667,,,-0.00806451612903247,,0,,0,,,0,,-0.0162601626016259,-0.00806451612903247,,,,0,0.112903225806452,,,,,,,,,,,,,,,,,,,,0.0245182720922117,12
"Al McCoy","PHO","radio play-by-play",2.85833333333333,1.30327868852459,-0.00819672131147531,1.2396694214876,3,2.32520325203252,-0.0163934426229506,0,2.54098360655738,,,,,,,,,,,,,,,,,,,,,,,,,,,,,,,,,,,,,1.47143090422233,9
"Alan Horton","MIN","radio play-by-play",-0.166666666666667,0.622950819672131,1.24590163934426,0,0,0,-0.147540983606557,-0.0247933884297522,0,0,0,-0.0393700787401574,0,0,0,0,0.181102362204724,0,0.793650793650793,-0.28,0,0,0,-0.00793650793650791,0,0,-0.0238095238095237,,,,,,,,,,,,,,,,,,,0.0797588320623239,27
"Andre Aldridge","ATL","sideline reporter",,,,,,,,,,0.833333333333333,2.1031746031746,0,0.543307086614173,-0.00793650793650791,-0.0396825396825395,0,0,-0.00787401574803148,0.181102362204725,0.03968253968254,0,-0.00787401574803148,-0.118110236220472,-0.0236220472440944,0,0,-0.0866141732283463,,,,,,,,,,,,,,,,,,,0.189382577177853,18
"Andy Vasquez","BRK","writer",,,,,0,-0.0731707317073171,0,,-0.00819672131147531,0,,0.174603174603174,0,,,,0,,0,0,,0,,,0,,0,,,,,,,,,,,,,,,,,,,0.007171978583414,13
"Anthony Slater","OKC / GSW","writer",0.6,-0.19672131147541,0.491803278688525,-0.00826446280991755,,,0.0491803278688525,-0.00826446280991755,,-0.325396825396826,,,0,0,-0.00793650793650791,,0,-0.00787401574803148,-0.385826771653543,-0.166666666666667,,,0,-0.015748031496063,2,0,,1.46464646464646,0.212121212121212,-0.0808080808080809,-0.111111111111111,0.343434343434343,0,0.54,0,0.949494949494949,1.60204081632653,1.08163265306123,-0.0510204081632653,0,0.777777777777778,0,0.464646464646465,0,0,0.255864989777528,36
"Antonio Harvey","POR","radio color",,,,,,,,,,0.992063492063492,1.87301587301587,,-0.00787401574803148,0,1,,0,,,0.706349206349207,0,1.31496062992126,0,,-0.140625,0,-0.118110236220472,,,,,,,,,,,,,,,,,,,0.432290765337025,13
"Baxter Holmes","BOS","writer",,,1.05785123966942,0,0,0,,,0,,,,,,,,,,,,,,,,,,,,,,,,,,,,,,,,,,,,,0.211570247933884,5
"Bill Land","SAS","TV play-by-play",1.88235294117647,0.454545454545454,0,1.1,1.9504132231405,1.97540983606557,-0.256198347107437,0,2.21487603305785,0.488,2.192,0,0.761904761904762,2.288,-0.00800000000000001,-0.0158730158730158,0,-0.0714285714285716,-0.53968253968254,0.584,-0.0317460317460316,-0.873015873015873,0.412698412698413,0.904761904761905,1.1496062992126,0,-0.0317460317460316,,,,,,,,,,,,,,,,,,,0.612254757628297,27
"Bill Oram","LAL / LAC","writer",,0,0.780487804878049,0,0,2,0,,-0.024390243902439,0,0,0.25,0,0,0,0,-0.015625,0,0,0,0.890625,0,0,0,0,-0.0078125,0,1.26262626262626,1.18181818181818,0.173469387755102,0,0,0,0,0,0,0,0,0.202020202020202,0,0,0.620000000000001,0,-0.0299999999999998,0,0.169377188260357,43
"Bill Schoening","SAS","radio play-by-play",-0.117647058823529,0.454545454545454,0,1.1,-0.049586776859504,0.975409836065574,-0.256198347107437,0,0.214876033057851,0.488,0.192,0,-0.238095238095238,1.288,-0.00800000000000001,-0.0158730158730158,0,-0.0714285714285716,0.46031746031746,0.584,-0.0317460317460316,-0.873015873015873,0.412698412698413,-0.0952380952380953,1.1496062992126,0,-0.0317460317460316,,,,,,,,,,,,,,,,,,,0.20484735022089,27
"Bill Wennington","CHI","radio color",2.15966386554622,0.338842975206612,,2.10833333333333,,,,,,,,,,-0.056,0.464,0,1.29365079365079,-0.198412698412698,0.531746031746032,-0.168,-0.103174603174603,0,,,,,,,,,,,,,,,,,,,,,,,,0.530887474824641,12
"Bill Worrell","HOU","TV play-by-play",1.9,2.22950819672131,,,,1.99186991869919,2.54918032786885,,,1.79365079365079,,,,1.99206349206349,1.96825396825397,,0,-0.0629921259842519,,,,0,1,,2.9765625,,0,,,,,,,,,,,,,,,,,,,1.41062285163641,13
"Bob Cooney","PHI","writer",-0.0083333333333333,0,-0.0327868852459017,0,0,0,0,0.214876033057851,0,-0.0317460317460316,0,,,-0.00793650793650791,-0.00793650793650791,0,,,,,,,,,,,,,,,,,,,,,,,,,,,,,,0.00900976906139777,14
"Bob Fitzgerald","GSW","TV play-by-play",,0.565573770491803,,-0.00826446280991755,1.68852459016393,1.98373983739837,0.614754098360656,,,2.16666666666667,1.08730158730159,0,,3.3015873015873,,,0,2.35433070866142,,,0,,-0.0708661417322836,1.37007874015748,-0.28125,,,,,,,,,,,,,,,,,,,,,0.984811779749801,15
"Bob Rathbun","ATL","TV play-by-play",0.983333333333333,0,0.532786885245902,0,0,-0.00813008130081316,0,0,0,2.83333333333333,1.1031746031746,0,0.543307086614173,-0.00793650793650791,1.96031746031746,0,0,-0.00787401574803148,1.18110236220472,1.03968253968254,0,-0.00787401574803148,1.88188976377953,-0.0236220472440944,0,0,0.913385826771654,,,,,,,,,,,,,,,,,,,0.478402834314066,27
"Brendan Brown","NYK","radio color",0,,,0,,0,-0.0247933884297522,,,,-0.00806451612903247,,,0,,,,0,-0.00806451612903247,-0.0162601626016259,,,,0,0,,,,,,,,,,,,,,,,,,,,,-0.00519841666267664,11
"Brett Dawson","OKC","writer",,,,,,,,,,,,,,,,,,,,,,,,,,,,,,,,,,,,,1.09183673469388,0.377551020408163,0,0,-0.262626262626263,1.78787878787879,-0.545454545454546,0,0,0.272131748322224,9
"Brian Davis","OKC","TV play-by-play",1.6,1.80327868852459,,,1.57377049180328,-0.0813008130081303,0.0491803278688525,-0.00826446280991755,0.729508196721311,1.67460317460317,0.976190476190476,-0.0708661417322833,0,,-0.00793650793650791,2.25196850393701,,-0.00787401574803148,0.614173228346457,0.833333333333333,,1,,,4,0,2.09448818897638,,,,,,,,,,,,,,,,,,,0.951212633453499,20
"Brian Lewis","BRK","writer",,,,,,,,,,,,,,,,,,,,1,-0.0158730158730158,0,,,0,0,,0,0,0.595959595959596,0,0,0,0,0,0,,,,,,,,,,0.112863327149041,14
"Brian Mahoney","NYK","writer",,,,,,,,,,,,,,,,,,,-0.00806451612903247,-0.0162601626016259,-0.00806451612903247,0,0,0,0,0.112903225806452,0,0,0,0.729166666666667,0,0,-0.0208333333333335,0,-0.0833333333333335,0,0,-0.0105263157894737,-0.0105263157894737,0,0,-0.0104166666666665,0,0,0,0.0249646197296721,27
"Brian Scalabrine","BOS","TV color",,,,,,,,,,,,,,,,,,,,,,,0.912698412698413,0.595238095238095,,0,-0.222222222222222,,,,,,,,,,,,,,,,,,,0.321428571428571,4
"Brian Sieman","LAC","radio play-by-play",2.23333333333333,0.360655737704918,,-0.0743801652892562,2.35245901639344,,0.631147540983607,0,,1.25396825396825,1.1984126984127,0,-0.015748031496063,,-0.0158730158730158,,0,2.30708661417323,1.83464566929134,,0,0.984251968503937,0.677165354330709,,2.4453125,0,1.37007874015748,,,,,,,,,,,,,,,,,,,0.877125810729731,20
"Brian Wheeler","POR","radio play-by-play",-0.0416666666666665,,-0.00819672131147531,1.90909090909091,0,1.97560975609756,-0.139344262295082,0,,,,,,,,,,,,,,,,,,,,,,,,,,,,,,,,,,,,,,0.527927573559321,7
"Brian Windhorst","national / MIA / CLE","writer",0,0.00826446280991733,0,0,0,0,-0.0413223140495869,0,0,0,0.248,0,0,0,0.984,0.476190476190476,0,0.801587301587301,0,0.032,0,0,0,0,0.110236220472441,0,0,0,0.010204081632653,0,0,0,0,0.888888888888889,0,0,0,0,0,0,0,0,-0.0612244897959184,0,0,0.0768183250608038,45
"Calvin Watkins","HOU","writer",,,,,,,,,,,,,,,,,,,,0.333333333333333,,0,,,,,0,0.868686868686869,0,0,0.535353535353535,-0.0101010101010099,-0.0101010101010099,0.89,0,0.242424242424242,,,,,,,,,,0.23746632996633,12
"Candace Buckner","IND","writer",0.941666666666667,-1.17213114754098,0,0,0.909836065573771,0.170731707317073,-0.221311475409836,0,0,-0.00793650793650791,0,0.992125984251969,0,0,-0.00793650793650791,0,0,0,-0.385826771653544,0,,,0,-0.015748031496063,0,,,,,,,,,,,,,,,,,,,,,0.0523247818189582,23
"Cedric Maxwell","BOS","radio color",-0.0420168067226889,0,,,0,,0,,,,0,0.920634920634921,1.71428571428571,,2,,1.98412698412698,-1.61904761904762,0.476190476190476,,0,,0.912698412698413,,0,,,,,,,,,,,,,,,,,,,,,0.453348005869014,14
"Charles Gardner","MIL","writer",0,0,0.934426229508197,0,0,0,0,-0.00826446280991755,0,0.904761904761905,0,-0.118110236220472,-0.362204724409449,0,0.849206349206349,0,0,0,-0.0236220472440944,0,0,0,0,1.4488188976378,0,0,0,-0.353535353535353,0.232323232323232,-0.0303030303030303,-0.0909090909090908,0,0.404040404040404,0.94,0.444444444444444,0.818181818181818,,,,,,,,,,0.166368175963132,36
"Chase Hughes","WAS","writer",,,,,,,,,,,,,,,,,,,,,,,,,,,,,,,,,,,,,0,0,0,0,0,0,0,0,-0.00999999999999979,-0.00111111111111109,9
"Chris Carrino","BRK","radio play-by-play",,-0.0245901639344264,0.295081967213115,,0,,,,,,,,0,,,0,0,0,,0,-0.0158730158730158,,0,0,,,0,,,,,,,,,,,,,,,,,,,0.0212182322838061,12
"Chris Dempsey","DEN","writer",,,0,0,0,0,0,0,0,,0,,0,0,0,0,0,0,,0,1.51968503937008,0,0,,0,0.582677165354331,0.21259842519685,,,,,,,,,,,,,,,,,,,0.110236220472441,21
"Chris Denari","IND","TV play-by-play",0.941666666666667,0.827868852459017,0,0,1.90983606557377,2.17073170731707,-0.221311475409836,0,0,-0.00793650793650791,0,0.992125984251969,0,0,-0.00793650793650791,0,0,0,-0.385826771653544,0,0.937007874015748,0,0,0.984251968503937,0,0.984251968503937,0,,,,,,,,,,,,,,,,,,,0.337952956457619,27
"Chris Haynes","POR / CLE","writer",,1.36885245901639,-0.00819672131147531,,0,-0.024390243902439,,0,0,,0.24,0,,,-0.016,1.47619047619048,0,-0.198412698412699,,,0,0,-0.0158730158730158,,,0,-0.0873015873015874,,,,,,,,,,,,,,,,,,,0.160874627553274,17
"Chris Marlowe","DEN","TV play-by-play",0,-0.00819672131147531,0,,0,,0,0,0,0,0,0.267716535433071,0,0,0,,,,0,0,1.51968503937008,,,1.7007874015748,0,0.582677165354331,2.21259842519685,,,,,,,,,,,,,,,,,,,0.313763392280883,20
"Chuck Cooperstein","DAL","radio play-by-play",,0.754098360655738,,,,,,,,-0.00793650793650791,,0,,0,0,0,0,0,0,-0.0555555555555554,,0.984251968503937,,0,0,0,,,,,,,,,,,,,,,,,,,,0.119632733261972,14
"Chuck Swirsky","CHI","radio play-by-play",,,-0.0247933884297522,,0.305785123966942,-0.040983606557377,,,0.983471074380165,0.928,,,-0.0555555555555554,,,0,1.29365079365079,,,-0.168,,,-0.0158730158730158,0,,,,,,,,,,,,,,,,,,,,,,0.291427402325655,11
"Clifton Brown","IND","writer",,,,,,,,,,,,,,,,,,,,,,,,,,,,,,,,,,,,,0.646464646464646,1.2020202020202,0,0.737373737373737,-0.00999999999999979,-0.01,-0.0199999999999996,0,-0.04,0.278428731762065,9
"Connor Letourneau","GSW","writer",,,,,,,,,,,,,,,,,,,,,,,,,,,,,,,,,,,,,-0.397959183673469,-0.918367346938775,-0.0510204081632653,0,-0.222222222222222,0,-0.535353535353535,0,0,-0.236102521816807,9
"Craig Ackerman","HOU","radio play-by-play",,,-0.00819672131147531,0,,-0.00813008130081316,,,0,,0.0317460317460319,-0.188976377952756,,,-0.0317460317460316,1.02362204724409,,0.937007874015748,,,0,,,0,,0,,,,,,,,,,,,,,,,,,,,0.146277228391233,12
"Dan Woike","LAC","writer",,,-0.00819672131147531,-0.0743801652892562,1.35245901639344,1.46341463414634,0.631147540983607,0,0.89344262295082,,1.1984126984127,,-0.015748031496063,1.6984126984127,-0.0158730158730158,1.32283464566929,0,2.30708661417323,-0.165354330708661,1.61904761904762,0,-0.015748031496063,0.677165354330709,0,,0,,,,,,,,,,,,,,,,,,,,0.612767768968853,21
"Dante Marchitelli","ORL","sideline reporter",,,,,,,,,,-0.00793650793650791,-0.0476190476190474,,0,0,,,2.55905511811024,,-0.015748031496063,0,-0.0236220472440944,0,,-0.0314960629921259,0,,,,,,,,,,,,,,,,,,,,,0.221148492802036,11
"Darnell Mayberry","OKC","writer",,0.80327868852459,0.491803278688525,-0.00826446280991755,0.573770491803279,-0.0813008130081303,0.0491803278688525,,-0.270491803278689,-0.325396825396826,-0.0238095238095237,-0.0708661417322833,0,0,,-1.74803149606299,0,-0.00787401574803148,,,,,,,,,,,,,,,,,,,,,,,,,,,,-0.0412001529974098,15
"Dave Johnson","WAS","radio play-by-play",1.93333333333333,,0,,1,-0.0162601626016259,0,,0,1.49206349206349,1.66666666666667,,0,,0,0,0,,,-0.0476190476190474,0,0,0,0,,0,0,,,,,,,,,,,,,,,,,,,0.317272856939096,19
"Dave McMenamin","LAL / CLE","writer",0,,0.780487804878049,0,0,0,,0,-0.024390243902439,-0.376,0.24,0,-0.0158730158730158,-0.024,-0.016,,,-0.198412698412699,,0.032,,,-0.0158730158730158,,1.11023622047244,,0.912698412698413,,,,,,,,,,-0.0103092783505154,-0.0103092783505154,0,0,0,0,0.938775510204082,0,-0.0510204081632653,0.121185555901019,27
"David Mayo","DET","writer",-0.0083333333333333,-0.00819672131147531,,0,0,0,,0,0,-0.00793650793650791,0.992063492063492,-0.0314960629921259,0,0,0,0,0,0,0.692913385826772,0.0634920634920637,0.68503937007874,,-0.015748031496063,0.94488188976378,0,,,,,,,,,,,,,,,,,,,,,0.150303615643425,22
"David Steele","ORL","TV play-by-play",,0,0.0163934426229508,,0,0,,,0,,-0.0476190476190474,0.0393700787401576,,0,-0.0396825396825395,,,0,,0,-0.0236220472440944,0,,,0,0,,,,,,,,,,,,,,,,,,,,-0.0036773408788382,15
"David Wesley","NOP","TV color",,,,,,,,,,,,,,,,,,,-0.181102362204725,,0,0,-0.0236220472440944,0,0,0,1.77952755905512,,,,,,,,,,,,,,,,,,,0.196850393700787,8
"Dei Lynam","PHI","TV analyst/reporter",-0.0083333333333333,0,0.967213114754098,0,0,0,0,0.214876033057851,0,,,0.0157480314960632,0,,-0.00793650793650791,,,0,,,,,,,,,,,,,,,,,,,,,,,,,,,,0.0908897952337055,13
"Dell Curry","CHO","TV color",,,0.475409836065574,1.31404958677686,,,,0,0,,,0,0,,,,0,0,,,1.66141732283465,2.52755905511811,,,,0,-0.15748031496063,,,,,,,,,,,,,,,,,,,0.485079623819547,12
"Dennis Neumann","ORL","radio play-by-play",-0.0330578512396698,0,0.0163934426229508,0,,,0,1.05737704918033,,-0.00793650793650791,-0.0476190476190474,0.0393700787401576,0,,,0,2.55905511811024,,-0.015748031496063,,,,0,-0.0314960629921259,,0,0,,,,,,,,,,,,,,,,,,,0.208019893374721,17
"Diamond Leung","GSW","writer",,,0,,0.688524590163935,-0.0162601626016259,0.614754098360656,,0,2.16666666666667,0.0873015873015874,,0.724409448818898,,1.73809523809524,,0,,1.48818897637795,1.8968253968254,,1.18897637795276,0.929133858267716,,,0,1.5511811023622,,,,,,,,,,,,,,,,,,,0.816112323661961,16
"Dominique Wilkins","ATL","TV color",0.983333333333333,1,1.5327868852459,0,0,-0.00813008130081316,0,0,0,,,,,,,,,,,,,,,,,,,,,,,,,,,,,,,,,,,,,0.389776681919825,9
"Doug Haller","PHO","writer",,,,,,,,,,,,,,,,,,,,,,,,,,,,0,0,-0.0202020202020203,0,0,-0.131313131313131,0,-0.0303030303030303,0,,,,,,,,,,-0.0202020202020202,9
"Doug Smith","TOR","writer",-0.0750000000000002,0.385245901639344,0,0.619834710743802,0,0.609756097560975,0,0,-0.00819672131147531,0,-0.0317460317460316,0,-0.00787401574803148,0,0,0,0,0.614173228346457,-0.338582677165354,0.928571428571429,0.984251968503937,1.58267716535433,-0.00787401574803148,-0.00787401574803148,-0.0390625,0,-0.00787401574803148,-0.0412371134020617,0.432989690721649,-0.0206185567010309,-0.0309278350515463,0,0,-0.0102040816326534,0,0,,,,,,,,,,0.153623016984435,36
"Dwain Price","DAL","writer",1,,0,,0,0,-0.0491803278688527,0,1.97540983606557,-0.00793650793650791,0.984126984126984,,0,0,,0,0,,0,0.944444444444445,1,-0.015748031496063,0,0,,,-0.0314960629921259,,,,,,,,,,,,,,,,,,,0.289981016717173,20
"Eddie Johnson","PHO","TV color",,,,,,,,,,0.968503937007874,0,,,0,-0.00787401574803148,0,,,0,0,0.228346456692913,0,0,0,0,0.661417322834646,0,,,,,,,,,,,,,,,,,,,0.132170978627672,14
"Eddie Sefko","DAL","writer",0,0.754098360655738,,0,,0,-0.0491803278688527,0,2.97540983606557,,-0.0158730158730158,0,0,0,0,0,,0,1,,1,-0.015748031496063,0,,0,0,-0.0314960629921259,1.97979797979798,0,1.38383838383838,0,0,0.96969696969697,0,1,0,0,0,1.05050505050505,0,0,0,0,1,1,0.359001260059734,39
"Elliott Teaford","LAC","writer",,,,,,,,,,,,,,,,,,,,,,,,,,,,,,,,,,,,,-0.0303030303030303,0,-0.0404040404040402,1,0,0,0,0,0.05,0.108810325476992,9
"Eric Collins","CHO","TV play-by-play",,,,,,,,,,,,,,,,,,,,0.968253968253968,,2.52755905511811,,,,0,-0.15748031496063,,,,,,,,,,,,,,,,,,,0.834583177102862,4
"Eric Hasseltine","MEM","radio play-by-play",3.325,2.91803278688525,0.704918032786885,0,1.99180327868852,0,0,-0.00826446280991755,0,0.222222222222222,-0.261904761904762,0,0,1.82539682539683,0,-0.015748031496063,0,0,1.08661417322835,-0.0158730158730158,0,0.94488188976378,-0.0314960629921259,0,0,0,0,,,,,,,,,,,,,,,,,,,0.469836402736887,27
"Eric Reid","MIA","TV play-by-play",,-0.0413223140495871,,,,,,0,,,,-0.0238095238095237,,,2.544,0,,,1.05555555555556,-0.128,,,2.53174603174603,,,0.952380952380953,,,,,,,,,,,,,,,,,,,,0.765616744647048,9
"Eric Smith","TOR","radio play-by-play",,0.385245901639344,0,,,0.609756097560975,0,,,,,0,-0.00787401574803148,,,,0,0.614173228346457,-0.338582677165354,,,,,-0.00787401574803148,-0.0390625,,,,,,,,,,,,,,,,,,,,,0.110525638080487,11
"Erik Horne","OKC","writer",,,,,,,,,,,,,,,,,,,,,,,,,,,,1.37755102040816,0.010204081632653,-0.23469387755102,0,0.979591836734694,0,0.454545454545455,0,-0.102040816326531,,,,,,,,,,0.276128633271491,9
"Ethan Skolnick","MIA","writer",,,0,0,,,,,0.991803278688525,-0.00800000000000001,-0.016,-0.0238095238095237,0,-0.00800000000000001,1.544,0,0,0,,,,-0.0158730158730158,0.531746031746032,,0,,,,,,,,,,,,,,,,,,,,,0.199724451383468,15
"Frank Isola","NYK","writer",0,-0.56198347107438,,0,,,-0.0247933884297522,,,0,-0.00806451612903247,0.48,0,0,0,0,0,0,-0.00806451612903247,-0.0162601626016259,-0.00806451612903247,0,0,0,0,0.112903225806452,0,0,0,-0.270833333333333,0,0,-0.0208333333333335,0,-0.0833333333333335,0,0,-0.0105263157894737,-0.0105263157894737,0,0,-0.0104166666666665,0,0,0,-0.0110199160733005,40
"Fred McLeod","CLE","TV play-by-play",-0.0333333333333332,-0.040983606557377,-0.155737704918033,0,0,0,0,0,-0.0163934426229506,0.624,,0,0.984126984126984,-0.024,-0.016,2.47619047619048,0,,-0.333333333333333,0.032,0,,,0,1.11023622047244,,,,,,,,,,,,,,,,,,,,,0.219370107620232,21
"Gary Gerould","SAC","radio play-by-play",0,0.926229508196721,1.45081967213115,0,0,-0.105691056910569,0,0,0,-0.00793650793650791,0.817460317460318,-0.00787401574803148,0,0,-0.0238095238095237,0,0,0,-0.0236220472440944,0.57936507936508,0.62992125984252,0,0,0,0,0,-0.015748031496063,,,,,,,,,,,,,,,,,,,0.156263505698185,27
"Gary Washburn","BOS","writer",-0.0420168067226889,0,0.0578512396694215,0,0,0,0,0,0,0.816,0,0.920634920634921,0.714285714285714,0,0,0,-0.0158730158730158,0.380952380952381,0.476190476190476,0.88,0,1.61111111111111,0.912698412698413,-0.404761904761905,0,0,2.77777777777778,2.3298969072165,0.34020618556701,0.958762886597938,0.350515463917526,0,-0.298969072164948,2.38775510204082,-0.0103092783505154,0,1.83505154639175,0.309278350515464,0,-1.31958762886598,-0.316326530612245,-0.306122448979592,0,0.0204081632653059,-0.0306122448979593,0.340773282391193,45
"George Blaha","DET","TV play-by-play",,-0.00819672131147531,-0.0491803278688523,0,0,2,0,,0,-0.00793650793650791,-0.00793650793650791,-0.0314960629921259,0,0,1,0,0,0,-0.307086614173228,0.0634920634920637,-0.31496062992126,0,,,0,0,0,,,,,,,,,,,,,,,,,,,0.101595595276179,23
"Gina Mizell","DEN","writer",,,,,,,,,,,,,,,,,,,,,,,,,,,,,,,,,,,,,-0.0404040404040402,0.727272727272727,0,0,0,-0.22,0,0,1.5,0.218540965207632,9
"Glenn Consor","WAS","radio color",,1.55737704918033,0,0,,0.983739837398374,0,0,0,-0.507936507936508,1.66666666666667,0,,0,0,,0,0,-0.0314960629921259,,0,0,,0,0,,0,,,,,,,,,,,,,,,,,,,0.183417549115837,20
"Grant Napear","SAC","TV play-by-play",0,0.926229508196721,0.450819672131148,0,0,0.894308943089431,0,0,0,-0.00793650793650791,0.817460317460318,-0.00787401574803148,0,0,-0.0238095238095237,0,0,0,-0.0236220472440944,-0.42063492063492,0.62992125984252,0,0,0,0,0,-0.015748031496063,,,,,,,,,,,,,,,,,,,0.119226468661148,27
"Greg Logan","BRK","writer",,,,,,,,,,,,,,,,,,,,,,,,,,,,,,,,,,,,,0,0,0.828282828282828,0,0,1.65,0,0,0,0.275364758698092,9
"Ian Eagle","BRK","TV play-by-play",,-0.0245901639344264,,-0.00826446280991755,,-0.0731707317073171,,0.628099173553719,,0,,0.174603174603174,,,,0,,0,0,,,0,0,,,0,,,,,,,,,,,,,,,,,,,,0.0580564158087694,12
"Ira Winderman","MIA","writer",,-0.0413223140495871,,,-0.173553719008265,,-0.0413223140495869,,,,,-0.0238095238095237,,-0.00800000000000001,0.544,0,,0,1.05555555555556,-0.128,,,,-0.103174603174603,,-0.0476190476190474,,,,,,,,,,,,,,,,,,,,0.0860628361537452,12
"J Michael Falgoust","WAS","TV analyst/reporter",,,,,,,,,,,,,,,,,,,,,,,,,,,,-0.383838383838384,0.949494949494949,0,-0.464646464646465,0,2.56565656565657,1.96,0,0,,,,,,,,,,0.514074074074074,9
"Jabari Young","POR","writer",,,,,,,,,,0.992063492063492,1.87301587301587,0,-0.00787401574803148,0,,1.97637795275591,,-0.00787401574803148,,,,,,,,,,,,,,,,,,,,,,,,,,,,0.689387040905601,7
"Jack Armstrong","TOR","TV color",-0.0750000000000002,,,,,2.60975609756098,,0,,,,,-0.00787401574803148,0,,,,,0.661417322834646,,,,-0.00787401574803148,-0.00787401574803148,,,,,,,,,,,,,,,,,,,,,,0.396568921643941,8
"Jackie MacMullan","national / BOS","writer",,,,,,,,,,,,,,,,,,,,,,,,,,,,0.814432989690722,-0.649484536082474,0.958762886597938,0,0,0,0,0,0,1.17525773195876,0.628865979381443,0.0103092783505154,1.68041237113402,0,0,0,0.0204081632653059,0,0.25772027023868,18
"Jason Jackson","MIA","sideline reporter",,-0.0413223140495871,,,,,,,-0.00819672131147531,-0.00800000000000001,,,0,-0.00800000000000001,,,0,,,,0.5,,1.53174603174603,,,-0.0476190476190474,0,,,,,,,,,,,,,,,,,,,0.191860794876592,10
"Jason Jones","SAC","writer",0,-0.0737704918032787,0.450819672131148,0,0,-0.105691056910569,0,0,0,-0.00793650793650791,1.81746031746032,-0.00787401574803148,0,0,-0.0238095238095237,0,0,0,-0.0236220472440944,1.57936507936508,0.62992125984252,0,0,0,0,0,-0.015748031496063,0,0,0.397959183673469,0,0,0,0,-0.204081632653061,0,0,0,0.918367346938776,0,0,0,0,0,0,0.118474656706893,45
"Jason Kosmicki","DEN","radio play-by-play",0,0.991803278688525,,0,0,0,,0,1,0,,1.26771653543307,0,0,,0,2,0,0,0,,0,0,4.7007874015748,,,2.21259842519685,,,,,,,,,,,,,,,,,,,0.608645282044663,20
"Jason Lieser","MIA","writer",,,,,,,,,,,,,,,,,,,,,1.5,,,2.8968253968254,0,,0,,,,,,,,,,,,,,,,,,,1.09920634920635,4
"Jason Lloyd","CLE","writer",-0.0333333333333332,0.959016393442623,0.844262295081967,0,0,0,0,0,-0.0163934426229506,-0.376,0.24,,-0.0158730158730158,-0.024,,2.47619047619048,0,0.801587301587301,-0.333333333333333,0.032,,0,-0.0158730158730158,0,0.110236220472441,0,,,,,,,,,,,-0.0103092783505154,-0.0103092783505154,0,0,0,0,0.938775510204082,0,-0.0510204081632653,0.172363221596217,32
"Jason Quick","POR","writer",,,,,,,,,,,,,,,,,,,0,,0,1.31496062992126,,0.37007874015748,,0,-0.118110236220472,,,,,,,,,,-0.0404040404040402,0.343434343434343,-0.0303030303030303,0.828282828282828,-0.00999999999999979,0,1.6,0,0,0.283862615657891,15
"Jeff McDonald","SAS","writer",0.882352941176471,-0.545454545454546,0,1.1,-0.049586776859504,1.97540983606557,-0.256198347107437,0,1.21487603305785,0.488,3.192,0,0.761904761904762,1.288,-0.00800000000000001,-0.0158730158730158,0,-0.0714285714285716,1.46031746031746,0.584,-0.0317460317460316,1.12698412698413,0.412698412698413,-0.0952380952380953,1.1496062992126,0,-0.0317460317460316,0.393939393939394,0.0404040404040407,0.949494949494949,0.202020202020202,1.63636363636364,0,2.09,0,-0.131313131313131,2.14141414141414,0.363636363636364,0,-0.0505050505050506,0,-0.0299999999999998,-0.0499999999999998,0,0,0.490807400031524,45
"Jeff Turner","ORL","TV color",,,0.0163934426229508,,,0,0,1.05737704918033,0,,,0.0393700787401576,,,-0.0396825396825395,0,2.55905511811024,0,-0.015748031496063,0,,0,0,,,,0,,,,,,,,,,,,,,,,,,,0.241117674498338,15
"Jerry Zgoda","MIN","writer",-0.166666666666667,-0.377049180327869,0.245901639344262,0,0,0,-0.147540983606557,-0.0247933884297522,0,0,0,-0.0393700787401574,0,0,0,0,0.181102362204724,0,0.793650793650793,-0.28,0,0,0,-0.00793650793650791,0,0,-0.0238095238095237,-0.0510204081632653,-0.408163265306122,-0.0510204081632653,0,0,0,0,0,0,0.212121212121212,-0.525252525252525,0,0,-0.0299999999999998,-0.00999999999999979,-0.0300000000000002,0,0,-0.0164410428684716,45
"Jessica Camerato","PHI","TV analyst/reporter",,,,,,,,,,,,,,,,,,,,0,0.543307086614173,0,0,,,-0.228346456692913,0,,,,,,,,,,,,,,,,,,,0.05249343832021,6
"Jim Barnett","GSW","TV color",,0.565573770491803,0,,4.68852459016393,,,0,0,2.16666666666667,,0,0.724409448818898,,-0.261904761904762,0.275590551181102,,,-0.511811023622047,1.8968253968254,,,,0.37007874015748,,0,1.5511811023622,,,,,,,,,,,,,,,,,,,0.764342298742712,15
"Jim Paschke","MIL","TV play-by-play",0,0,0.934426229508197,0,0,0,0,-0.00826446280991755,0,-0.0952380952380953,1,-0.118110236220472,1.63779527559055,0,-0.150793650793651,0,0,0,-0.0236220472440944,0,0,0,0,0.448818897637795,0,0,0,,,,,,,,,,,,,,,,,,,0.134259700386308,27
"Jim Petersen","MIN","TV color",-0.166666666666667,0.622950819672131,1.24590163934426,0,0,0,-0.147540983606557,-0.0247933884297522,0,0,0,-0.0393700787401574,0,0,0,0,0.181102362204724,0,0.793650793650793,0.72,0,0,0,-0.00793650793650791,0,0,-0.0238095238095237,,,,,,,,,,,,,,,,,,,0.116795869099361,27
"Jim Spanarkel","BRK","TV color",,,,,,,,,,,,,,,,,,,0,,-0.0158730158730158,,0,0,,,,,,,,,,,,,,,,,,,,,,-0.00396825396825395,4
"Jody Genessy","UTA","writer",0,0,0.163934426229508,0,0,-0.00813008130081316,0,1.38842975206612,-0.0163934426229506,1.61111111111111,0.992063492063492,0.448818897637795,0.968503937007874,2.84920634920635,0.992063492063492,0,0,0,2.52755905511811,-0.0238095238095237,0.803149606299213,-0.015748031496063,1.92125984251969,-0.015748031496063,0,0,0,,,,,,,,,,,,,,,,,,,0.540232253725827,27
"Joe Cowley","CHI","writer",1.15966386554622,0.338842975206612,,,,,1.36885245901639,,0.983471074380165,,,0.0158730158730158,,,-0.536,,0.293650793650793,,,,,,-0.0158730158730158,,0,,0,,,,,,,,,,0,0,0.278350515463917,0,0,-0.0204081632653059,0,0,0,0.203495974736779,19
"Joe Freeman","POR","writer",-0.0416666666666665,1.36885245901639,-0.00819672131147531,1.90909090909091,,,-0.139344262295082,0,0,-0.00793650793650791,1.87301587301587,0,,,0,-0.0236220472440944,0,-0.00787401574803148,0,0.706349206349207,,1.31496062992126,0,0.37007874015748,0.859375,,-0.118110236220472,-0.0202020202020199,0.898989898989899,0,0,0,-0.0202020202020203,0,0,0,,,,,,,,,,0.297118607290488,30
"Joe Goodman","MIA","writer",,,0,,-0.173553719008265,,-0.0413223140495869,,,-0.00800000000000001,-0.016,,0,,2.544,,0,,,,,,,,,,,,,,,,,,,,,,,,,,,,,0.288140495867769,8
"Joe Vardon","CLE","writer",,,,,,,,,,,,,,,,,,,,,,,,,,,,-0.122448979591837,1.90816326530612,0,0,-0.0204081632653059,0,0.888888888888889,0,0,,,,,,,,,,0.294910556815319,9
"Joel Meyers","NOP","TV play-by-play",-0.5,-0.278688524590164,1,0,-0.147540983606557,2.23577235772358,0,0,0,0.817460317460317,0.0793650793650793,0,-0.00787401574803148,-0.53968253968254,-0.142857142857143,0.874015748031496,0,0,-0.181102362204725,0.519685039370079,0,0,-0.0236220472440944,0,0,0,-0.220472440944882,,,,,,,,,,,,,,,,,,,0.129054017965645,27
"John Denton","ORL","writer",-0.0330578512396698,,,0,0,0,,,0,0.992063492063492,,,0,0,-0.0396825396825395,0,,0,,,0.976377952755906,,0,-0.0314960629921259,0,0,0,,,,,,,,,,,,,,,,,,,0.109659117112062,17
"John Michael","CLE","radio play-by-play",,,,,,,,,,,,,,,,,,,0.666666666666667,,0,0,,0,,0,-0.0873015873015874,,,,,,,,,,,,,,,,,,,0.0965608465608465,6
"John Reid","NOP","writer",-0.5,-0.278688524590164,0,0,0.852459016393443,1.23577235772358,0,0,0,0.817460317460317,0.0793650793650793,0,-0.00787401574803148,1.46031746031746,-0.142857142857143,1.8740157480315,0,0,,,,,,,,,,,,,,,,,,,,,,,,,,,,0.299442794227557,18
"Jon Krawczynski","MIN","writer",,,,,,,,,,,,,,,,,,,0.793650793650793,0.72,0,0,0,-0.00793650793650791,0,0,-0.0238095238095237,-0.0510204081632653,0.591836734693878,-0.0510204081632653,0,0,0,0,0,0,,,,,,,,,,0.109538926681784,18
"Jonathan Feigen","HOU","writer",0.9,1.22950819672131,-0.00819672131147531,0,-0.163934426229508,-0.00813008130081316,1.54918032786885,0,0,0.793650793650793,0.0317460317460319,-0.188976377952756,-0.0944881889763778,-0.00793650793650791,-0.0317460317460316,1.02362204724409,0,-0.0629921259842519,-0.0944881889763778,1.33333333333333,0,0,0,0,-0.0234375,0,0,,,,,,,,,,,,,,,,,,,0.228767206672234,27
"Jose Paneda","MIA","radio play-by-play (Spanish)",0.857142857142857,,,0,,,,0,,,-0.016,,0,-0.00800000000000001,,,,,1.05555555555556,1.872,,,,,,,0,,,,,,,,,,,,,,,,,,,0.417855379188713,9
"Justin Verrier","NOP","writer",,,,,,,,,,,,,,,,,,,,,,,,,,,,0.373737373737374,0.515151515151515,0,0,0,0,-0.0199999999999996,0,0,,,,,,,,,,0.0965432098765432,9
"K.C. Johnson","CHI","writer",,0.338842975206612,,0.108333333333333,0.305785123966942,,1.36885245901639,,,0.928,,0.0158730158730158,,,0.464,,,-0.198412698412698,,-0.168,,0,,,0,0,,-0.173469387755102,0.183673469387755,0,0,0,0,0,0,0,0,0,0.278350515463917,0,0,-0.0204081632653059,0,0,0,0.114380688093829,30
"Keith Pompey","PHI","writer",-0.0083333333333333,0,-0.0327868852459017,0,0,0,0,0.214876033057851,0,0.968253968253968,0,,,,,0,2.17322834645669,0,0,0,2.54330708661417,0,,0,0,,0,0.898989898989899,0,0.292929292929293,0,-0.0303030303030303,0,0,0.97979797979798,0,2.06060606060606,0.727272727272727,0,2.48484848484848,1.81,-0.02,-0.04,0.12,-0.00999999999999979,0.388017605896022,39
"Leo Rautins","TOR","TV color",,,,1.6198347107438,0,,,,-0.00819672131147531,0,-0.0317460317460316,,,,,0,,,,0.928571428571429,-0.015748031496063,0.582677165354331,,,,,,,,,,,,,,,,,,,,,,,,0.341710280012888,9
"Malik Rose","PHI","TV color",,,,,,,,,,,,0.0157480314960632,0,,-0.00793650793650791,,,0,,,,,,,,,,,,,,,,,,,,,,,,,,,,0.00195288088988882,4
"Manny Navarro","MIA","writer",,,,,,,,,,,,,,,,,,,,,,,,,,,,-0.244897959183673,0.877551020408163,0.408163265306122,1.96938775510204,-0.0306122448979593,1.74489795918367,0,-0.010204081632653,0.795918367346939,1.81632653061224,0,0.561224489795918,-0.010204081632653,0,-0.0101010101010099,0,0,0.878787878787879,0.485902104949724,18
"Marc Berman","NYK","writer",,0.43801652892562,,,,,,0.858333333333333,-0.00826446280991755,0,,0.48,0,,,0,0,,-0.00806451612903247,,,,0,0,,,0,0,0,-0.270833333333333,0,0,-0.0208333333333335,0,-0.0833333333333335,0,0,-0.0105263157894737,-0.0105263157894737,0,0,-0.0104166666666665,0,0,0,0.0451183861691463,30
"Marc Zumoff","PHI","TV play-by-play",,,,,,,,,,-0.0317460317460316,0,,,-0.00793650793650791,,0,1.17322834645669,,0,,0.543307086614173,0,0,0,0,0.771653543307087,,,,,,,,,,,,,,,,,,,,0.204042203057951,12
"Mark Boyle","IND","radio play-by-play",-0.0583333333333333,-1.17213114754098,0,0,-0.0901639344262293,1.17073170731707,-0.221311475409836,0,0,-0.00793650793650791,0,-0.00787401574803148,0,0,-0.00793650793650791,0,0,0,-0.385826771653544,0,-0.0629921259842519,0,0,-0.015748031496063,0,-0.015748031496063,0,,,,,,,,,,,,,,,,,,,-0.032417413912751,27
"Mark Followill","DAL","TV play-by-play",,1.75409836065574,0,0,0,0,-0.0491803278688527,,0.975409836065574,-0.00793650793650791,-0.0158730158730158,0,1,,0,,0,0,,-0.0555555555555554,0,,0,0,0,0,-0.0314960629921259,,,,,,,,,,,,,,,,,,,0.169974606023583,21
"Mark Medina","LAL","writer",,,,,,,,,,0,0,0.25,0,0,0,0,-0.015625,0,0,0,0.890625,0,0,0,0,-0.0078125,0,0,0,0.173469387755102,0,0,0,0,0,0,,,,,,,,,,0.0478021069538927,27
"Mary Schmitt Boyer","CLE","writer",-0.0333333333333332,0.959016393442623,0.844262295081967,0,0,0,0,0,-0.0163934426229506,,,,,,,,,,,,,,,,,,,,,,,,,,,,,,,,,,,,,0.194839101396479,9
"Matt Bullard","HOU","TV color",1.9,1.22950819672131,,0,1.83606557377049,,,0,,,0.0317460317460319,-0.188976377952756,-0.0944881889763778,,,1.02362204724409,,,0.905511811023622,,,,0,0,,0,,,,,,,,,,,,,,,,,,,,0.51099916104434,13
"Matt Devlin","TOR","TV play-by-play",1.925,0.385245901639344,,,0,,0,,,,,0,,,0,,,,,,-0.015748031496063,,-0.00787401574803148,,,0,,,,,,,,,,,,,,,,,,,,0.254069317155028,9
"Matt Pinto","OKC","radio play-by-play",1.6,,1.49180327868852,-0.00826446280991755,2.57377049180328,-0.0813008130081303,,-0.00826446280991755,2.72950819672131,,0.976190476190476,-0.0708661417322833,,0,-0.00793650793650791,2.25196850393701,0,,0.614173228346457,,-0.00787401574803148,,0,,3,0,,,,,,,,,,,,,,,,,,,,0.836272653980126,18
"Matt Velazquez","MIL","writer",,,,,,,,,,,,,,,,,,,,,,,,,,,,,,,,,,,,,1.57575757575758,0.737373737373737,0,0,0,-0.0499999999999998,1.47,0,0,0.414792368125702,9
"Michael Cage","OKC","TV color",,,,,,,,,,,,,,,,,,,,0.833333333333333,-0.00787401574803148,0,,-0.015748031496063,,,2.09448818897638,,,,,,,,,,,,,,,,,,,0.580839895013123,5
"Michael Grange","TOR","writer",,,,,,,,,,,,,,,,,,,,,,,,,,,,-0.0412371134020617,0.432989690721649,-0.0206185567010309,0.969072164948454,0,0,-0.0102040816326534,0,0,0.938775510204082,1.79591836734694,-0.244897959183673,1.1530612244898,0,0.878787878787879,0.787878787878788,0,0.484848484848485,0.395798577683703,18
"Michael Smith","LAC","TV color",1.23333333333333,1.36065573770492,-0.00819672131147531,-0.0743801652892562,1.35245901639344,0.463414634146341,,,0.89344262295082,1.25396825396825,,0,,1.6984126984127,-0.0158730158730158,0.322834645669292,0,,2.83464566929134,0.619047619047619,,0.984251968503937,0.677165354330709,0,1.4453125,,1.37007874015748,,,,,,,,,,,,,,,,,,,0.820528644571822,20
"Michael Wallace","MIA","writer",-1.14285714285714,,,,,-0.0163934426229506,-0.0413223140495869,,,,,,,,,,,,,,,,,,,,,,,,,,,,,,,,,,,,,,,-0.400190966509893,3
"Mike Breen","national / NYK","TV play-by-play",0,0,0.380165289256198,0,0,0,0,0.858333333333333,0,0,0,1.48,0,0,0,0,0,0,0,0,0,0,0,0,0,0.112903225806452,0,0,0,0.729166666666667,0,0,0,0,0,0,0,0,0,0,0,0,0,0,0,0.07912374477917,45
"Mike Crispino","NYK","radio play-by-play",,,,,,,,,,,,,,0,0,0,,,,,-0.00806451612903247,0,,,,0.112903225806452,0,,,,,,,,,,,,,,,,,,,0.0149769585253456,7
"Mike Fratello","national / BRK","TV play-by-play",,,,,,,,,,0,0,0.182539682539682,0,0,0,0,0,0,0,0,0,0,0,0,0,0,0,,,,,,,,,,,,,,,,,,,0.0101410934744268,18
"Mike Ganter","TOR","writer",,,,,,,,,,,,,,,,,,,,,,,,,,,,,,,,,,,,,0.938775510204082,2.79591836734694,0.755102040816327,1.1530612244898,0,-0.121212121212121,0.787878787878788,0,0.484848484848485,0.754930254930255,9
"Mike Gorman","BOS","TV play-by-play",,,1.05785123966942,0,,0,,,0,0.816,0,,,0,,0,0.984126984126984,,,,0,,,2.5952380952381,,,0.777777777777778,,,,,,,,,,,,,,,,,,,0.51924950806769,12
"Mike Inglis","MIA","radio play-by-play",0.857142857142857,,,0,,-0.0163934426229506,,,,,,,,,,0,0,0,,,0.5,0.984126984126984,,,,,,,,,,,,,,,,,,,,,,,,0.290609549830861,8
"Mike Monroe","SAS","writer",0.882352941176471,0.454545454545454,0,0.1,1.9504132231405,1.97540983606557,-0.256198347107437,0,1.21487603305785,-0.512,1.192,0,-0.238095238095238,1.288,-0.00800000000000001,-0.0158730158730158,0,-0.0714285714285716,1.46031746031746,-0.416,-0.0317460317460316,1.12698412698413,0.412698412698413,0.904761904761905,1.1496062992126,0,-0.0317460317460316,,,,,,,,,,,,,,,,,,,0.464106609480149,27
"Mike Rice","POR","TV color",1.95833333333333,2.36885245901639,,2.90909090909091,0,0.975609756097561,2.86065573770492,,1,,,0,0.992125984251969,0,0,-0.0236220472440944,0,-0.00787401574803148,0,0.706349206349207,0,,0,0.37007874015748,0.859375,0,,,,,,,,,,,,,,,,,,,,0.712808336333793,21
"Molly Sullivan","PHI","sideline reporter",,,,,,,,,,,,0.0157480314960632,0,-0.00793650793650791,,,2.17322834645669,,,,,,,,,,,,,,,,,,,,,,,,,,,,,0.545259967504062,4
"Nate Taylor","IND","writer",,,,,,,,,,,,,,,,,,,,,0.937007874015748,0,,,,-0.015748031496063,0,0.939393939393939,0.646464646464647,0,0,0,-0.0202020202020203,0,0,0,,,,,,,,,,0.191301262167404,13
"Neil Funk","CHI","TV play-by-play",,,-0.0247933884297522,,,0.959016393442623,,0,,0.928,2.52,,-0.0555555555555554,0.944,,,,,0.531746031746032,,,,,0,,,0,,,,,,,,,,,,,,,,,,,0.580241348120335,10
"Nick Friedell","CHI","writer",1.15966386554622,,,,0.305785123966942,,,0,0.983471074380165,,0.52,0.0158730158730158,-0.0555555555555554,,,,,,,,,,,,0,0,0,,,,,,,,,,,,,,,,,,,0.292923752421079,10
"Paul Coro","PHO","writer",0.858333333333333,0.30327868852459,-0.00819672131147531,0.239669421487603,0,0.32520325203252,-0.0163934426229506,0,2.54098360655738,-0.0314960629921259,0,-0.0314960629921259,-0.00787401574803148,0,-0.00787401574803148,0,0,0,0,0,0.228346456692913,0,0,0,0,0.661417322834646,0,,,,,,,,,,,,,,,,,,,0.187181546668453,27
"Paul Jones","TOR","radio play-by-play",,,0,1.6198347107438,,,,0,-0.00819672131147531,0,-0.0317460317460316,,,,0,0,,,,,,2.58267716535433,,,,0,-0.00787401574803148,,,,,,,,,,,,,,,,,,,0.377699555208418,11
"Pete Pranica","MEM","TV play-by-play",-0.675,0.918032786885246,0.704918032786885,0,-0.00819672131147531,0,0,-0.00826446280991755,0,1.22222222222222,0.738095238095238,0,0,0.825396825396826,0,-0.015748031496063,0,0,1.08661417322835,-0.0158730158730158,0,-0.0551181102362204,-0.0314960629921259,0,0,0,0,,,,,,,,,,,,,,,,,,,0.173540106440591,27
"Peter Botte","NYK","writer",,,,,,,,,,0,,,,0,0,,,0,,,,,,,,,,,,,,,,,,,,,,,,,,,,0,4
"Phil Chenier","WAS","TV color",1.93333333333333,0.557377049180328,,0,2,-0.0162601626016259,,0,0,,0.666666666666667,0,0,0,,0,0,0,0.968503937007874,-0.0476190476190474,0,,0,0,0,0,,,,,,,,,,,,,,,,,,,,0.288666751236549,21
"Ralph Lawler","LAC","TV play-by-play",2.23333333333333,1.36065573770492,-0.00819672131147531,,,1.46341463414634,0.631147540983607,0,0.89344262295082,1.25396825396825,3.1984126984127,0,-0.015748031496063,1.6984126984127,,1.32283464566929,,2.30708661417323,,1.61904761904762,0,,,0,3.4453125,0,1.37007874015748,,,,,,,,,,,,,,,,,,,1.13866014430764,20
"Richard Walker","CHO","writer",,,,,,,,,,,,,,,,,,,,,,,,,,,,0.94949494949495,0,0,0,0,0,0,0,0,0,-0.0101010101010099,-0.0101010101010099,0,0,0,0,0,0,0.0516273849607183,18
"Rick Bonnell","CHO","writer",-0.0249999999999999,0.90983606557377,0.475409836065574,1.31404958677686,0,-0.024390243902439,-0.19672131147541,0,0,-0.142857142857143,0,0,0,-0.0476190476190474,0,0,0,0,-0.015748031496063,,0.661417322834646,1.52755905511811,0,1.1496062992126,0,0,1.84251968503937,,,,,,,,,,,,,,,,,,,0.285694695125801,26
"Rod Beard","DET","writer",,,,,,,,,,,,,,,,,,,,0.0634920634920637,0.68503937007874,0,-0.015748031496063,2.94488188976378,,0,0,-0.0101010101010099,0,0,0,0,0,0,0,0,-0.0303030303030303,-0.0606060606060606,-0.0101010101010099,0,-0.00999999999999979,1.69,0,0,0,0.209862167229096,25
"Rod Boone","BRK","writer",-0.0166666666666666,,0.295081967213115,-0.00826446280991755,,,,1.62809917355372,,,-0.00800000000000001,,,0,0,0,,,,,,,,,,,,,,,,,,,,,,,,,,,,,,0.236281251411281,8
"Ron Boone","UTA","TV color",0,0,0.163934426229508,0,0,-0.00813008130081316,0,2.38842975206612,-0.0163934426229506,0.611111111111111,-0.00793650793650791,0.448818897637795,0.968503937007874,1.84920634920635,1.99206349206349,0,0,0,0.52755905511811,-0.0238095238095237,-0.196850393700787,-0.015748031496063,-0.0787401574803148,-0.015748031496063,0,0,0,,,,,,,,,,,,,,,,,,,0.318010031503605,27
"Ron Tillery","MEM","writer",3.325,3.91803278688525,0.704918032786885,0,-0.00819672131147531,2,1,-0.00826446280991755,0,1.22222222222222,0.738095238095238,0,0,2.82539682539683,1,-0.015748031496063,0,0,1.08661417322835,-0.0158730158730158,0,-0.0551181102362204,-0.0314960629921259,0,0,0,0,0.131313131313131,1.63636363636364,-0.0202020202020203,-0.0303030303030303,0,3,0,0,2.65656565656566,0,0,1.87878787878788,0,0,-0.0299999999999998,0,0,0,0.597957958364915,45
"Royce Young","OKC","writer",,,,,,,,,,,,,,,,,,,,,-0.00787401574803148,0,0,-0.015748031496063,,,2.09448818897638,0.377551020408164,0.010204081632653,-0.23469387755102,0,-0.0204081632653059,0,0.454545454545455,0,0.897959183673469,2.09183673469388,0.377551020408163,0,0,1.73737373737374,1.78787878787879,-0.545454545454546,0,0,0.391530851133727,23
"Rusty Simmons","GSW","writer",0.710743801652892,0.565573770491803,,-0.00826446280991755,,,-0.385245901639344,0,,,,0,,1.3015873015873,0.738095238095238,0.275590551181102,0,0.354330708661417,,0.896825396825397,0,1.18897637795276,,,0.71875,0,1.5511811023622,,,,,,,,,,,,,,,,,,,0.465184934374168,17
"Ryan Wolstat","TOR","writer",,,,,,,,,,,,,,,,,,,,,,,,,,,,-0.0412371134020617,0.432989690721649,-0.0206185567010309,-0.0309278350515463,0,1,-0.0102040816326534,0,0,,,,,,,,,,0.147778011548262,9
"Sam Smith","CHI","writer",0.159663865546219,0.338842975206612,-0.0247933884297522,1.10833333333333,0.305785123966942,-0.040983606557377,1.36885245901639,0,0.983471074380165,-0.0720000000000001,1.52,0.0158730158730158,-0.0555555555555554,-0.056,0.464,0,1.29365079365079,-0.198412698412698,0.531746031746032,0.832,-0.103174603174603,0,-0.0158730158730158,0,0,0,0,,,,,,,,,,,,,,,,,,,0.3094602149895,27
"Scott Bordow","PHO","writer",,,,,,,,,,,,,,,,,,,,,,,,,,,,,,,,,,,,,0,0,0.555555555555555,0,0,-0.00999999999999979,0,0,0,0.0606172839506173,9
"Scott Hastings","DEN","TV color",0,-0.00819672131147531,0,0,,0,0,,,0,0,0.267716535433071,,,0,0,0,0,0,,0.519685039370079,0,0,2.7007874015748,0,0.582677165354331,,,,,,,,,,,,,,,,,,,,0.20313347102104,20
"Scott Lauer","CHO","radio play-by-play",,,,,,,,,,1.85714285714286,,0,,0.952380952380953,0,0,,,,,,,,,,,,,,,,,,,,,,,,,,,,,,0.561904761904762,5
"Sean Grande","BOS","radio play-by-play",-0.0420168067226889,,,,0,0,,0,0,-0.184,0,0.920634920634921,0.714285714285714,,,0,,,,-0.12,0,-0.388888888888889,,,0,,,,,,,,,,,,,,,,,,,,,0.0642867813792184,14
"Sean Kelley","NOP","radio play-by-play",1.5,-0.278688524590164,0,0,-0.147540983606557,2.23577235772358,0,0,0,0.817460317460317,0.0793650793650793,0,-0.00787401574803148,-0.53968253968254,-0.142857142857143,0.874015748031496,0,0,0.818897637795275,0.519685039370079,0,0,-0.0236220472440944,0,0,0,-0.220472440944882,,,,,,,,,,,,,,,,,,,0.203128092039719,27
"Sherman Hamilton","TOR","radio color",,,,,,,,,,,,,,0,,,0,0.614173228346457,,0.928571428571429,,,,,-0.0390625,,-0.00787401574803148,,,,,,,,,,,,,,,,,,,0.249301356861642,6
"Sherrod Blakely","BOS","TV analyst/reporter",0.957983193277311,0,,0,,,0,0,,,,-0.0793650793650793,,0,0,0,-0.0158730158730158,1.38095238095238,1.47619047619048,-0.12,,-0.388888888888889,-0.0873015873015874,,,,,3.3298969072165,0.34020618556701,-0.0412371134020619,1.35051546391753,0,-0.298969072164948,1.38775510204082,-0.0103092783505154,0,-0.164948453608247,-0.690721649484536,0,1.68041237113402,0.683673469387755,0.693877551020408,0,0.0204081632653059,-0.0306122448979593,0.344655905473717,33
"Spero Dedes","NYK","radio play-by-play",0,1.43801652892562,0.380165289256198,,,,,,,,,,,,,,,,,,,,,,,,,,,,,,,,,,,,,,,,,,,0.606060606060606,3
"Stacey King","CHI","TV color",,,0.975206611570248,-0.891666666666667,,2.95901639344262,,0,,,3.52,,,-0.056,,0,,-0.198412698412698,-0.468253968253968,,-0.103174603174603,0,,0,,,,,,,,,,,,,,,,,,,,,,0.478059589042078,12
"Stefan Bondy","BRK / NYK","writer",0.983333333333333,,,-0.00826446280991755,,-0.0731707317073171,,,-0.00819672131147531,,-0.00800000000000001,0.174603174603174,,0,,,0,,,-0.0162601626016259,,0,,,0,0.112903225806452,,,,,,,,,,,0,-0.0105263157894737,-0.0105263157894737,0,0,-0.0104166666666665,0,0,0,0.0535942074793814,21
"Stephanie Ready","CHO","sideline reporter / TV color",0.975,0.90983606557377,,,0,-0.024390243902439,1.80327868852459,,,,0,,,,0,,0,0,-0.015748031496063,-0.0317460317460316,0.661417322834646,,0,1.1496062992126,0,,,,,,,,,,,,,,,,,,,,,0.361816937933405,15
"Steve Albert","PHO","TV play-by-play",,,,,,,,,,,,-0.0314960629921259,-0.00787401574803148,,,,0,0,,,,,,,,,,,,,,,,,,,,,,,,,,,,-0.00984251968503935,4
"Steve Buckhantz","WAS","TV play-by-play",0.933333333333333,0.557377049180328,0,0,0,,0,0,,0.492063492063492,,0,0,0,0,0,,0,0.968503937007874,-0.0476190476190474,,0,0,,0,0,0,,,,,,,,,,,,,,,,,,,0.138269464950761,21
"Steve Holman","ATL","radio play-by-play",0.983333333333333,1,1.5327868852459,0,0,-0.00813008130081316,0,0,0,1.83333333333333,3.1031746031746,0,0.543307086614173,-0.00793650793650791,0.96031746031746,0,0,-0.00787401574803148,0.181102362204725,1.03968253968254,0,-0.00787401574803148,1.88188976377953,-0.0236220472440944,0,0,0.913385826771654,,,,,,,,,,,,,,,,,,,0.515439871351103,27
"Steve Martin","CHO","TV play-by-play / radio play-by-play",0.975,0.90983606557377,0.475409836065574,2.31404958677686,0,-0.024390243902439,-0.19672131147541,0,0,0.857142857142857,0,,0,-0.0476190476190474,,0,,,-0.015748031496063,0.968253968253968,,,0,2.1496062992126,0,,,,,,,,,,,,,,,,,,,,,0.440253683080667,19
"Steve Popper","NYK","writer",,,,0,0,,,-0.141666666666667,-0.00826446280991755,0,-0.00806451612903247,0.48,,,,0,0,,-0.00806451612903247,,-0.00806451612903247,0,0,,,,,,,,,,,,,,,,,,,,,,,0.023528870933563,13
"Ted Davis","MIL","radio play-by-play",0,0,0.934426229508197,0,0,0,0,-0.00826446280991755,0,-0.0952380952380953,0,-0.118110236220472,1.63779527559055,0,0.849206349206349,0,0,0,-0.0236220472440944,0,0,0,0,0.448818897637795,0,0,0,,,,,,,,,,,,,,,,,,,0.134259700386308,27
"Tim Bontemps","BRK","writer",-0.0166666666666666,,,,,,0,0.628099173553719,-0.00819672131147531,,-0.00800000000000001,,,0,0,,,0,,,,,,,,,,,,,,,,,,,,,,,,,,,,0.0744044731969472,8
"Tim Capstraw","BRK","radio color",,-0.0245901639344264,0.295081967213115,,0,,0,,,0,,,0,,0,,,,,,,,,0,0,0,0,,,,,,,,,,,,,,,,,,,0.0245901639344262,11
"Tim Kempton","PHO","radio color",0.858333333333333,1.30327868852459,-0.00819672131147531,1.2396694214876,1,1.32520325203252,0.983606557377049,0,2.54098360655738,,,-0.0314960629921259,-0.00787401574803148,,,,0,0,0,0,0.228346456692913,0,0,0,0,0.661417322834646,1,,,,,,,,,,,,,,,,,,,0.504239629035836,22
"Tim Reynolds","MIA","writer",,,,,,,,,,,,,,,,,,,1.05555555555556,-0.128,0.5,0.984126984126984,1.53174603174603,-0.103174603174603,0,-0.0476190476190474,0,0.755102040816327,0.877551020408163,1.40816326530612,1.96938775510204,-0.0306122448979593,2.74489795918367,0,-0.010204081632653,-0.204081632653061,1.81632653061224,0,-0.438775510204082,-0.010204081632653,0,-0.0101010101010099,0,0,1.87878787878788,0.538476770730739,27
"Tim Roye","GSW","radio play-by-play",2.71074380165289,,0,-0.00826446280991755,,-0.0162601626016259,,0,0,,0.0873015873015874,,0.724409448818898,3.3015873015873,,0.275590551181102,,-0.645669291338583,2.48818897637795,,0,1.18897637795276,0.929133858267716,1.37007874015748,0.71875,,,,,,,,,,,,,,,,,,,,,0.772033336855739,17
"Tom Heinsohn","BOS","TV color",,0,1.05785123966942,,,,0,0,,2.816,,,1.71428571428571,0,3,,,1.38095238095238,2.47619047619048,,,2.61111111111111,,,,0,,,,,,,,,,,,,,,,,,,,1.25469924351743,12
"Tom McGinnis","PHI","radio play-by-play",,,,,,,,,,,,,,,,,,,0,0,,,0,0,0,0.771653543307087,0,,,,,,,,,,,,,,,,,,,0.110236220472441,7
"Tony Fiorentino","MIA","TV color",,,,,0.826446280991735,-0.0163934426229506,,0,,1.992,-0.016,-0.0238095238095237,,,,,,0,,,,-0.0158730158730158,,1.8968253968254,0,,,,,,,,,,,,,,,,,,,,,0.464319569551164,10
"Tony Jones","UTA","writer",,,,,,,,,,,,,,,,,,,,,,,,,,,,0.0303030303030305,1.62626262626263,0,1.74747474747475,1.17171717171717,0.151515151515151,0,0,0,0.0202020202020208,1.55555555555556,0.96969696969697,0.555555555555555,0.21,-0.0399999999999996,0,0.91,0,0.494904601571268,18
"Vince Ellis","DET","writer",-0.0083333333333333,-0.00819672131147531,-0.0491803278688523,,,,0,0,0,-0.00793650793650791,-0.00793650793650791,-0.0314960629921259,0,0,1,0,0,0,0.692913385826772,,,0,-0.015748031496063,-0.0551181102362204,0,0,0,,,,,,,,,,,,,,,,,,,0.0685894446688948,22
"Vincent Goodwill","DET / CHI","writer",-0.0083333333333333,,-0.0491803278688523,0,0,0,0,0,,,,,,,,,,,,,-0.103174603174603,,-0.0158730158730158,,,0,,0.826530612244898,1.18367346938776,0,0,0,0,0,0,0,0,0,0.278350515463917,0,0,-0.0204081632653059,0,0,0,0.0746994697707664,28
"Walt Frazier","NYK","TV color",,,0.380165289256198,,0,0,,,-0.00826446280991755,,,1.48,0,,,,0,,,,,,0,0,,,0,,,,,,,,,,,,,,,,,,,0.185190082644628,10
"Will Guillory","NOP","writer",,,,,,,,,,,,,,,,,,,,,,,,,,,,,,,,,,,,,1.33333333333333,0.0303030303030305,0,-0.0202020202020203,-0.0999999999999996,-0.0499999999999998,1.34,0,-0.04,0.277048260381594,9
