"year","name","tot","n.all","n.used","hi","lo","sd","board.rk"
2008,"Davon Jefferson",265,5,5,24,49,10.4163333279998,41
2008,"Jamont Gordon",252,5,5,39,48,3.91152144312159,43
2008,"Gary Forbes",213,5,5,31,64,14.8761554173113,48
2008,"Bryce Taylor",193,4,4,40,60,8.77021474461525,52
2008,"Reggie Williams",184,5,5,40,66,10.4737767782209,54
2008,"Josh Duncan",183,4,4,41,69,13.8172597379751,55
2008,"Will Daniels",172,4,4,46,83,16.9901932498329,58
2008,"Anton Ponkrashov",159,4,4,52,73,9.03234926989282,60
2008,"Othello Hunter",157,4,4,53,69,8.46069343099804,61
2008,"Richard Roby",157,4,4,53,67,6.07590871118606,61
2008,"Pat Calathes",155,5,5,50,79,12.3895116933639,63
2008,"DeMarcus Nelson",140,4,4,48,86,15.5777619273972,64
2008,"Marcelus Kemp",130,4,4,57,87,13.7961347243833,65
2008,"Shawn James",112,4,4,35,77,18.9560896108172,67
2008,"Damjan Rudez",101,2,2,47,54,4.94974746830583,69
2008,"Mantas Kalnietis",97,3,3,64,75,5.68624070307733,70
2008,"Drew Neitzel",93,4,4,71,88,7.9320026895272,72
2008,"Keith Brumbaugh",93,3,3,67,75,4.35889894354067,72
2008,"Charles Rhodes",92,5,5,48,85,15.1426549851735,74
2008,"Aleks Maric",91,3,3,58,78,11.0151410945722,75
2008,"Brian Roberts",90,3,3,66,74,4.35889894354067,76
2008,"James Mays",76,3,3,68,82,7.09459888459759,77
2008,"David Padgett",75,4,4,62,98,16.1322658049017,78
2008,"Jaycee Carroll",73,3,3,60,85,14.4337567297406,79
2008,"Joseph Jones",66,5,5,57,90,14.6526448124562,81
2008,"Longar Longar",62,4,4,83,91,3.69684550213647,83
2008,"Mickell Gladness",60,2,2,60,82,15.556349186104,84
2008,"C.J. Giles",54,2,2,72,76,2.82842712474619,86
2008,"Uros Tripkovic",50,2,2,74,78,2.82842712474619,87
2008,"Kyle Hines",48,3,3,47,86,21.4553800556721,89
2008,"Tyrone Brazelton",48,2,2,71,83,8.48528137423857,89
2008,"Chris Lofton",46,5,5,49,98,20.1295802241378,92
2008,"Mark Tyndale",46,2,2,72,84,8.48528137423857,92
2008,"Peja Samardziski",46,2,2,76,80,2.82842712474619,92
2008,"Quan Prowell",45,2,2,66,91,17.6776695296637,95
2008,"Rodrigues Beaubois",45,1,1,56,56,,95
2008,"Brian Laing",40,2,2,73,89,11.3137084989848,97
2008,"John Riek",39,1,1,62,62,,98
2008,"Kentrell Gransberry",35,3,3,52,97,22.6495033058122,99
2008,"Marcus Dove",30,4,4,86,99,5.56776436283002,101
2008,"Rob McKiver",30,2,2,79,93,9.89949493661167,101
2008,"Jamar Butler",29,4,4,87,100,5.56027577253743,103
2008,"Chris Daniels",29,2,2,79,94,10.6066017177982,103
2008,"JaJuan Smith",29,1,1,72,72,,103
2008,"Russell Robinson",28,2,2,75,99,16.9705627484771,106
2008,"Justin Hawkins",27,1,1,74,74,,107
2008,"Bo McCalebb",26,4,4,88,100,5.5075705472861,109
2008,"Derrick Low",23,1,1,78,78,,111
2008,"Ronalds Zakis",23,1,1,78,78,,111
2008,"Brian Butch",21,1,1,80,80,,113
2008,"Mike Green",20,1,1,81,81,,114
2008,"Jawann McClellan",15,2,2,91,96,3.53553390593274,116
2008,"Takais Brown",13,1,1,88,88,,117
2008,"Geary Claxton",12,2,2,95,95,0,118
2008,"Frank Elegar",12,1,1,89,89,,118
2008,"Tyrelle Blair",12,1,1,89,89,,118
2008,"Stanley Burrell",11,1,1,90,90,,121
2008,"Mykal Riley",10,1,1,91,91,,122
2008,"Antoine Agudio",9,1,1,92,92,,123
2008,"Manuchar Markoishvili",8,1,1,93,93,,124
2008,"Novica Velickovic",8,1,1,93,93,,124
2008,"Bryant Dunston",7,1,1,54,54,,126
2008,"Dusan Sakota",6,1,1,95,95,,127
2008,"Haminn Quaintance",5,1,1,56,56,,128
2008,"Lorenzo Mata-Real",5,1,1,96,96,,128
2008,"Aaron Bruce",4,1,1,97,97,,130
2008,"Ramel Bradley",4,1,1,97,97,,130
2008,"Vladimir Gulubovic",4,1,1,97,97,,130
2008,"Nikita Shabalkin",3,1,1,98,98,,133
2008,"Stefhon Hannah",2,1,1,99,99,,134
2008,"Callistus Eziukwu",1,1,1,100,100,,135
2008,"Jason Rich",1,1,1,100,100,,135
2009,"Wesley Matthews",142,4,4,32,57,11.1168040971015,44
2009,"Paul Harris",140,4,4,25,69,18.4458667456967,46
2009,"Dionte Christmas",139,4,4,24,63,17.2143351115671,47
2009,"Josh Heytvelt",139,3,3,37,53,8,47
2009,"Leo Lyons",127,4,4,45,57,5.59761854124889,50
2009,"Lee Cummard",119,4,4,36,63,12.3558353285671,53
2009,"Jerel McNeal",117,4,4,43,65,10.6614570611463,54
2009,"Curtis Jerrells",116,3,3,41,59,9.16515138991168,55
2009,"Jeff Adrien",109,3,3,44,68,12.1243556529821,57
2009,"Vitor Faverani",102,3,3,52,61,4.72581562625261,60
2009,"Joe Ingles",94,4,4,41,93,22.7943706500823,61
2009,"Tyrese Rice",89,4,4,49,80,14.8436293854749,63
2009,"Vyacheslav Kravtsov",86,2,2,51,65,9.89949493661167,64
2009,"Garret Siler",79,3,3,40,81,20.5507501890645,66
2009,"Chris Johnson - LSU",71,2,2,56,75,13.4350288425444,67
2009,"Courtney Fells",71,2,2,60,71,7.77817459305202,67
2009,"A.J. Abrams",59,3,3,58,83,12.6622799421484,73
2009,"Dominic James",58,3,3,33,87,30.6159000085468,75
2009,"Jeremy Pargo",56,3,3,54,86,16.6533279957291,76
2009,"Luke Nevill",54,4,4,46,82,16.9779268463496,77
2009,"Dar Tucker",48,3,3,60,99,20.7926268983343,78
2009,"Paul Delaney",47,1,1,54,54,,79
2009,"Terrel Harris",46,1,1,55,55,,80
2009,"Alonzo Gee",39,1,1,62,62,,82
2009,"Alex Ruoff",37,1,1,64,64,,84
2009,"Josh Shipp",36,3,3,68,86,9.8657657246325,85
2009,"Milenko Tepic",36,1,1,65,65,,85
2009,"Brandon Costner",35,2,2,77,90,9.19238815542512,87
2009,"K.C. Rivers",34,2,2,49,79,21.2132034355964,88
2009,"Alade Aminu",32,2,2,75,95,14.142135623731,89
2009,"John Bryant",32,1,1,69,69,,89
2009,"Tony Gaffney",31,1,1,70,70,,91
2009,"Daniel Hackett",30,2,2,81,91,7.07106781186548,92
2009,"Micah Downs",29,2,2,64,80,11.3137084989848,93
2009,"Aaron Jackson",28,2,2,58,76,12.7279220613579,94
2009,"Stefon Jackson",27,1,1,74,74,,95
2009,"Josh Akognon",25,1,1,76,76,,96
2009,"Antonio Anderson",22,2,2,88,92,2.82842712474619,97
2009,"Josh Carter",19,2,2,89,94,3.53553390593274,98
2009,"Rudy Mbemba",17,1,1,84,84,,100
2009,"Kevin Rogers",16,2,2,92,94,1.4142135623731,101
2009,"Russell Hicks",14,1,1,87,87,,102
2009,"Ben Woodside",12,3,3,55,97,21.2837966537928,103
2009,"Oguz Savas",12,1,1,89,89,,103
2009,"Cedric Jackson",11,1,1,90,90,,105
2009,"Luigi Datome",10,1,1,91,91,,106
2009,"Charlie Coley",6,1,1,95,95,,107
2009,"Anthony Goods",5,1,1,96,96,,108
2009,"Lorrenzo Wade",5,1,1,96,96,,108
2009,"Eric Devendorf",4,1,1,97,97,,110
2009,"Lewis Clinch",3,1,1,98,98,,111
2009,"Ronald Steele",3,1,1,98,98,,111
2009,"Bryan Mullins",2,1,1,99,99,,113
2009,"C.J. Anderson",2,1,1,59,59,,113
2009,"Connor Atchley",1,1,1,100,100,,115
2009,"Nate Miles",1,1,1,100,100,,115
2010,"Mikhail Torrance",389,8,8,32,72,13.2449451274277,40
2010,"Artsiom Parakhouski",332,8,8,37,73,12.9442485849342,43
2010,"Miroslav Raduljica",329,8,8,24,77,20.5843213566609,45
2010,"Brian Zoubek",327,6,6,31,62,11.4484351186818,46
2010,"Sylven Landesberg",305,8,8,36,87,15.8204207998939,51
2010,"Jerome Randle",302,8,8,31,90,19.2089079038123,52
2010,"Sherron Collins",301,8,8,40,65,10.6099683586441,53
2010,"Charles Garcia",294,8,8,43,81,13.1305260475624,54
2010,"Alexey Shved",292,7,7,38,74,12.6321585080076,55
2010,"Manny Harris",290,7,7,45,67,9.79795897113271,56
2010,"Matt Bouldin",270,7,7,51,70,6.66904719402933,59
2010,"Aubrey Coleman",234,8,8,34,93,22.5447966755714,62
2010,"Mac Koshwal",224,7,7,48,77,9.39604780137448,64
2010,"Ben Uzoh",220,7,7,53,87,13.3541504160068,65
2010,"Jon Scheyer",215,7,7,55,83,9.84402163268458,67
2010,"A.J. Ogilvy",212,7,7,54,81,8.37513326119992,68
2010,"Samardo Samuels",211,7,7,51,86,12.697956341006,69
2010,"Vladimir Dasic",199,7,7,48,98,15.9373774505092,71
2010,"Marqus Blakely",184,7,7,29,89,19.4887024660321,72
2010,"Tyler Smith",175,7,7,45,92,15.0427960926722,75
2010,"Jerome Dyson",168,6,6,50,88,16.2972390299707,77
2010,"Thomas Heurtel",137,5,4,57,102,17.4556581084759,78
2010,"Scottie Reynolds",132,6,6,42,100,20.3960780543711,79
2010,"Omar Samhan",130,6,6,63,95,10.5388171379271,80
2010,"Edwin Ubiles",109,6,6,61,100,14.3166569654604,82
2010,"Marquis Gilstrap",106,6,6,56,96,14.7873820085459,83
2010,"Deon Thompson",101,6,6,79,95,6.70571895225759,84
2010,"Tyren Johnson",100,4,4,64,85,8.75595035770913,85
2010,"Ryan Thompson",95,5,5,70,93,10.5356537528527,86
2010,"Elijah Millsap",94,5,5,69,99,13.0843417870369,87
2010,"Denis Clemente",88,4,3,55,112,25.656383221335,88
2010,"Ludovic Vaty",74,4,4,72,93,10.5356537528527,91
2010,"Stefan Markovic",67,5,4,75,104,12.9305839001957,93
2010,"Michael Washington",65,4,4,67,98,13.3260396717604,94
2010,"Wayne Chism",64,4,4,80,89,4.24264068711928,95
2010,"Raymar Morgan",62,5,5,81,97,6.54217089351845,96
2010,"A.J. Slaughter",60,3,3,76,84,4.35889894354067,97
2010,"Devan Downey",57,4,4,63,100,16.3579746097533,98
2010,"Kevin Palmer",49,4,3,73,101,11.9547758936195,99
2010,"Patrick Christopher",47,5,3,66,108,16.8433963320941,100
2010,"Landon Milbourne",42,2,1,59,109,35.3553390593274,101
2010,"Jeremy Wise",41,4,4,82,97,7.08872343937891,102
2010,"Tim Ohlbrecht",39,2,2,80,83,2.12132034355964,103
2010,"Jeremy Lin",34,5,4,89,102,4.82700735445887,104
2010,"Jared Quayle",34,1,1,67,67,,104
2010,"Ryan Wittman",32,3,3,79,98,10.0166528008778,106
2010,"Artem Zabelin",27,2,2,76,99,16.2634559672906,107
2010,"DeShawn Sims",25,5,4,86,109,8.17312669668102,108
2010,"J.P. Prince",25,2,1,76,108,22.6274169979695,108
2010,"Tommy Mason-Griffin",24,4,2,82,105,10.4083299973307,110
2010,"Theo Robertson",24,2,1,77,110,23.3345237791561,110
2010,"Alex Franklin",22,1,1,79,79,,112
2010,"Tasmin Mitchell",21,3,2,90,111,11.8462370959446,114
2010,"Ish Smith",20,4,2,86,115,12.5266382827424,115
2010,"Courtney Fortson",20,3,2,86,103,8.54400374531753,115
2010,"Marko Keselj",19,3,2,85,104,9.71253485622231,117
2010,"Gavin Edwards",17,4,3,88,107,7.84750491132904,118
2010,"Jermaine Beal",16,2,1,85,103,12.7279220613579,120
2010,"Deonta Vaughn",13,1,1,88,88,,121
2010,"Robert Glenn",12,1,1,89,89,,123
2010,"Boban Marjanovic",11,4,3,95,101,2.75378527364305,124
2010,"Pietro Aradori",10,1,1,91,91,,125
2010,"Marcus Johnson",7,1,1,94,94,,126
2010,"Armon Bassett",6,1,1,95,95,,127
2010,"Dominique Archie",5,1,1,96,96,,128
2010,"Donald Sloan",3,2,1,98,114,11.3137084989848,129
2010,"Arinze Onuaku",2,2,1,99,105,4.24264068711928,131
2010,"Lucas Alves",2,1,1,99,99,,131
2010,"Jahmar Young",0,1,0,107,107,,133
2010,"Jeff Foote",0,1,0,106,106,,133
2010,"Nic Wise",0,1,0,106,106,,133
2010,"Patrick Sullivan",0,1,0,110,110,,133
2010,"Stephen Dennis",0,1,0,111,111,,133
2011,"Jereme Richmond",280,5,5,26,58,13.6747943311773,47
2011,"David Lighty",241,6,6,35,64,10.8335897405554,49
2011,"Demetri McCamey",237,6,6,48,74,9.84716541278081,50
2011,"Rick Jackson",219,6,6,47,65,6.21020665249287,53
2011,"Ben Hansbrough",214,6,6,34,85,16.776968339562,54
2011,"Brad Wanamaker",212,5,5,41,75,14.0996453856117,55
2011,"Jamine Peterson",209,5,5,44,69,10.1341008481266,56
2011,"Malcolm Thomas",205,5,5,51,78,10.5593560409714,57
2011,"Giorgi Shermadini",200,4,4,41,64,9.76387901058454,58
2011,"Michael Dunigan",196,5,5,34,87,23.177575369309,60
2011,"Greg Smith",195,5,5,46,98,21.0594396886527,61
2011,"Matthew Bryan-Amaning",191,5,5,47,79,14.1844985811977,62
2011,"Scotty Hopson",158,5,5,50,96,18.036074961033,64
2011,"Xavi Rabaseda",158,4,4,49,71,9.1469484893415,64
2011,"Damian Saunders",157,4,4,42,70,13.2759180473518,66
2011,"Justin Holiday",149,4,4,57,80,10.9048918686371,68
2011,"Jamie Skeen",146,5,4,59,105,18.4200977196105,69
2011,"Willie Reed",144,4,4,52,74,9.59166304662544,70
2011,"Diante Garrett",143,4,4,61,70,4.03112887414927,71
2011,"LaceDarius Dunn",138,5,5,63,84,8.73498712076898,72
2011,"Chris Wright (Dayton)",134,6,6,58,82,9.44457516249408,73
2011,"Gary Flowers",134,5,5,54,91,14.7885090526395,73
2011,"Jacob Pullen",119,6,6,55,94,12.5019998400256,76
2011,"Julyan Stone",114,5,4,54,104,20.9690247746527,77
2011,"Mindaugas Kuzminskas",102,3,3,51,76,13.8924439894498,79
2011,"Gilbert Brown",82,4,4,51,91,19.6892525674965,80
2011,"Ravern Johnson",81,5,4,53,108,20.1791972090071,81
2011,"Terrence Jennings",80,4,4,71,89,7.48331477354788,82
2011,"Xavier Silas",78,4,4,70,99,12.6622799421484,83
2011,"Cam Long",70,3,3,60,72,6.65832811847939,86
2011,"Delroy James",65,4,3,62,108,19.2959408512084,87
2011,"Mike Davis",59,4,4,73,92,8.92094912738176,88
2011,"Austin Freeman",58,4,3,68,107,17.0684894859895,89
2011,"Robin Benzing",54,4,4,81,98,7.41619848709566,90
2011,"Durrell Summers",53,4,3,76,109,14.0564338768172,91
2011,"Malcolm Delaney",50,3,3,76,91,7.63762615825973,92
2011,"Justin Hurtt",48,3,2,62,102,20.8166599946613,93
2011,"Pablo Aguilar",47,4,4,80,94,6.39661368746516,94
2011,"Corey Fisher",47,3,2,69,103,17,94
2011,"Justin Brownlee",47,3,2,77,115,21.6564078277077,94
2011,"Kalin Lucas",45,4,4,83,94,5.31507290636732,98
2011,"Jeremy Hazell",45,2,2,60,97,26.1629509039023,98
2011,"Mario Little",40,1,1,61,61,,100
2011,"DeAngelo Casto",39,2,2,64,99,24.7487373415292,101
2011,"Jerai Grant",37,3,2,82,117,19.9248588451713,102
2011,"John Holland",37,3,2,76,134,30.4357246231026,102
2011,"Denzel Bowles",36,1,1,65,65,,104
2011,"Cory Higgins",32,3,3,88,93,2.51661147842358,107
2011,"Jackson Emery",31,2,1,70,136,46.6690475583121,108
2011,"Alex Tyus",29,3,2,37,121,43.1315816233689,109
2011,"Corey Stokes",29,2,2,53,80,19.0918830920368,109
2011,"Bill Clark",26,2,1,75,127,36.7695526217005,111
2011,"Matt Howard",24,5,4,59,109,18.4851291583262,112
2011,"Chris Wright (Georgetown)",24,3,2,57,133,38.8501394248892,112
2011,"Antoine Diot",24,3,1,77,114,20.3059925473574,112
2011,"Dogus Balbay",22,2,1,79,111,22.6274169979695,117
2011,"Gary McGhee",21,3,3,82,100,10.3923048454133,118
2011,"Mark Payne",20,4,3,87,110,9.53502316025854,119
2011,"Jeff Allen",19,2,1,82,130,33.9411254969543,120
2011,"Chaisson Allen",17,2,1,84,105,14.8492424049175,121
2011,"D.J. Kennedy",16,2,1,85,122,26.1629509039023,122
2011,"Dallas Lauderdale",15,2,1,86,113,19.0918830920368,124
2011,"Carleton Scott",15,1,1,86,86,,124
2011,"Randy Culpepper",14,3,1,87,103,8.71779788708135,126
2011,"Bangaly Fofana",12,1,1,89,89,,127
2011,"Steven Gray",9,2,1,92,132,28.2842712474619,128
2011,"Pere Tomas",8,2,1,93,129,25.4558441227157,129
2011,"Frank Hassell",8,1,1,93,93,,129
2011,"Sam Muldrow",6,2,1,95,106,7.77817459305202,131
2011,"Dwight Hardy",4,2,1,97,116,13.4350288425444,132
2011,"Billy White",4,1,1,97,97,,132
2011,"Clarence Jackson",3,2,1,98,135,26.1629509039023,134
2011,"Kevin Anderson",3,1,1,98,98,,134
2011,"Mamadou Diarra",3,1,1,98,98,,134
2011,"Zoran Dragic",2,2,1,99,119,14.142135623731,137
2011,"Ferrakohn Hall",2,1,1,99,99,,137
2011,"Tre'Von Willis",2,1,1,99,99,,137
2011,"Talor Battle",1,2,1,100,125,17.6776695296637,140
2011,"Edwin Jackson",1,1,1,100,100,,140
2011,"Brian Williams",0,1,0,139,139,,142
2011,"Casey Mitchell",0,1,0,124,124,,142
2011,"Dairese Gary",0,1,0,112,112,,142
2011,"Jamel McLean",0,1,0,102,102,,142
2011,"Jeremy Green",0,1,0,128,128,,142
2011,"Joseph Fulce",0,1,0,111,111,,142
2011,"Marcus Simmons",0,1,0,138,138,,142
2011,"Matthew O'donnell",0,1,0,140,140,,142
2011,"Mike Stockton",0,1,0,112,112,,142
2011,"Mike Tisdale",0,1,0,137,137,,142
2011,"Mychel Thompson",0,1,0,123,123,,142
2011,"Nicolo Melli",0,1,0,118,118,,142
2011,"Ryan Rossiter",0,1,0,107,107,,142
2011,"Sarra Camara",0,1,0,131,131,,142
2011,"Will Coleman",0,1,0,126,126,,142
2012,"Kevin Jones",238,4,4,32,50,8.06225774829855,37
2012,"Drew Gordon",230,4,4,37,56,8.50490054811538,40
2012,"JaMychal Green",209,4,4,38,69,13.8172597379751,44
2012,"Hollis Thompson",205,4,4,44,59,6.5,46
2012,"William Buford",205,4,4,41,61,8.53912563829967,46
2012,"Henry Sims",182,4,4,48,61,5.44671154612273,54
2012,"J'Covan Brown",177,4,4,45,72,12.9711217710728,55
2012,"Scott Machado",169,4,4,45,80,16.6408132814075,57
2012,"Tu Holloway",154,4,4,49,79,13.6259556239798,62
2012,"Alex Young",128,4,4,54,94,18,65
2012,"Leon Radosevic",122,4,4,57,78,9.25562891794321,66
2012,"Casper Ware",112,4,4,56,92,14.7648230602334,68
2012,"Garrett Stutz",106,4,4,58,90,14.6173412995205,70
2012,"Maalik Wayns",104,3,3,55,74,10.0166528008778,71
2012,"Terrell Stoglin",100,3,3,43,85,21.9393102292058,72
2012,"Cameron Moore",98,4,4,57,91,14.5487685618635,73
2012,"Ricardo Ratliffe",93,4,4,72,87,6.5,74
2012,"Jordan Taylor",93,3,3,61,81,10.1488915650922,74
2012,"Xavier Gibson",93,3,3,55,85,15,74
2012,"Eric Griffin",86,3,3,60,88,14.2945210949277,77
2012,"Mitchell Watt",85,4,4,71,86,6.34428877022476,78
2012,"Yancy Gates",83,4,4,66,89,9.94568583189046,79
2012,"Dusan Cantekin",82,3,3,60,94,17.9536440126603,80
2012,"Dee Bost",77,3,3,72,78,3.05505046330389,81
2012,"Herb Pope",76,4,4,71,98,12.5698050899765,82
2012,"Chris Johnson",75,2,2,53,74,14.8492424049175,83
2012,"Josep Franch",74,4,4,60,98,17.019596548293,84
2012,"John Shurna",74,3,3,70,82,6.02771377334171,84
2012,"Kostas Sloukas",74,2,2,64,64,0,84
2012,"Zack Rosen",68,4,4,69,95,10.8934230922455,87
2012,"Rakim Sanders",66,4,4,80,89,3.87298334620742,88
2012,"Nihad Djedovic",57,2,2,53,92,27.5771644662754,89
2012,"Paul Lacombe",55,2,2,65,82,12.0208152801713,90
2012,"Renardo Sidney",53,3,3,50,100,28.8675134594813,91
2012,"Charlie Westbrook",49,4,4,81,93,5.67890834580027,92
2012,"Terrance Henry",43,1,1,58,58,,94
2012,"Ramone Moore",40,1,1,61,61,,96
2012,"Reggie Hamilton",32,2,2,75,95,14.142135623731,99
2012,"Wesley Witherspoon",30,3,3,87,95,4,100
2012,"Alen Omic",28,3,3,86,99,6.65832811847939,101
2012,"Devoe Joseph",24,2,2,87,91,2.82842712474619,102
2012,"Jamar Samuels",23,1,1,78,78,,103
2012,"Jordan Theodore",22,1,1,79,79,,104
2012,"Chace Stanback",20,1,1,81,81,,105
2012,"Josh Owens",18,1,1,83,83,,106
2012,"Greg Mangano",17,1,1,84,84,,107
2012,"Eli Holman",16,1,1,85,85,,108
2012,"Bradford Burgess",13,1,1,88,88,,109
2012,"Jet Chang",13,1,1,88,88,,109
2012,"Carlon Brown",12,1,1,89,89,,111
2012,"Negueba Samake",12,1,1,89,89,,111
2012,"Ashton Gibbs",11,2,2,94,97,2.12132034355964,113
2012,"Dion Dixon",10,1,1,91,91,,114
2012,"Kenny Frease",9,2,2,94,99,3.53553390593274,115
2012,"Darko Planinic",9,1,1,92,92,,115
2012,"Gerardo Suero",9,1,1,92,92,,115
2012,"Kent Bazemore",8,2,2,96,98,1.4142135623731,118
2012,"Andrew Albicy",8,1,1,93,93,,118
2012,"Gus Gilchrist",6,1,1,95,95,,120
2012,"Toure' Murry",5,1,1,96,96,,121
2012,"Larry Anderson",4,1,1,97,97,,122
2012,"Maik Zirbes",4,1,1,97,97,,122
2012,"Dario Hunt",3,1,1,98,98,,125
2012,"Kyle Fogg",2,1,1,99,99,,126
2012,"Mario Delas",2,1,1,99,99,,126
2012,"Chris Allen",1,1,1,100,100,,128
2012,"Nick Barbour",1,1,1,100,100,,128
2013,"C.J. Leslie",354,8,8,28,68,12.2175225452158,38
2013,"Jackie Carmichael",317,9,9,23,66,14.9666295470958,43
2013,"Myck Kabongo",309,8,8,25,85,19.6900083436099,44
2013,"Trevor Mbakwe",296,7,7,30,69,14.3742494628084,45
2013,"James Southerland",275,6,6,32,72,15.6044865343272,48
2013,"B.J. Young",264,6,6,44,73,10.633281086601,50
2013,"Phil Pressey",243,6,6,39,87,19.3640560489446,54
2013,"Robert Covington",240,5,5,39,69,14.6799182559032,55
2013,"Richard Howell",231,6,6,51,69,6.49358657959272,56
2013,"Brandon Paul",219,6,6,43,72,10.1472492167418,59
2013,"Brandon Davies",210,6,6,27,90,20.9348194801547,60
2013,"Kenny Kadji",209,7,6,35,112,25.3302003075192,61
2013,"D.J. Stephens",199,6,6,40,76,13.0140949230696,63
2013,"Adonis Thomas",165,6,5,55,119,23.5831861008361,69
2013,"Rodney Williams",154,6,5,46,117,26.9715899914459,70
2013,"Dewayne Dedmon",139,6,6,54,100,15.9426053914242,71
2013,"Vander Blue",137,6,6,63,94,10.968135666557,72
2013,"Michael Snaer",135,5,4,59,129,28.2718941707131,73
2013,"Seth Curry",129,6,6,70,86,5.84522597225006,74
2013,"Will Clyburn",129,5,5,45,90,21.487205495364,74
2013,"Elias Harris",127,5,5,50,92,16.8166584076623,76
2013,"Khalif Wyatt",127,5,5,48,89,16.1771443709945,76
2013,"Vitalis Chikoko",125,4,4,62,82,9.03234926989282,78
2013,"Matthew Dellavedova",107,4,3,45,113,29.375443259067,80
2013,"Christian Watford",105,6,6,61,99,15.8166578854911,82
2013,"Jack Cooley",92,4,4,70,91,9.76387901058454,84
2013,"Augusto Lima",81,4,3,71,115,20.6458228220626,86
2013,"Laurence Bowers",80,3,3,47,93,24.1936630821654,87
2013,"Ryan Broekhoff",73,3,3,58,96,19.0087699058443,88
2013,"Durand Scott",72,3,3,64,93,14.7309198626562,89
2013,"Amath M'Baye",70,4,4,65,94,13.832329280831,90
2013,"D.J. Cooper",69,3,3,50,95,24.4335834457412,92
2013,"Zeke Marshall",61,4,4,81,97,7.63216876123687,94
2013,"Will Cherry",53,3,3,77,91,7.09459888459759,95
2013,"Rodney McGruder",52,3,3,80,91,6.35085296108588,96
2013,"Anthony Marshall",47,3,3,82,87,2.88675134594813,97
2013,"Oleksandr Lypovyy",44,4,3,71,104,14.0801278403287,99
2013,"Daniel Theis",44,2,2,75,83,5.65685424949238,99
2013,"Elijah Johnson",43,5,4,78,124,17.3205080756888,101
2013,"Kevin Parrom",39,2,2,73,90,12.0208152801713,102
2013,"C.J. Aiken",33,4,4,85,99,7.32006375199925,103
2013,"Jamelle Hagins",32,2,2,84,86,1.4142135623731,104
2013,"Jared Berggren",31,1,1,70,70,,105
2013,"Kenny Boynton",30,3,2,75,125,25.0599281722833,106
2013,"Maurice Kemp",30,1,1,71,71,,106
2013,"Stan Okoye",29,1,1,72,72,,108
2013,"Dejan Musli",25,1,1,76,76,,109
2013,"Jordan Aboudou",25,1,1,76,76,,109
2013,"Gregory Echenique",24,1,1,77,77,,111
2013,"Ed Daniel",22,2,2,81,99,12.7279220613579,113
2013,"Alexandre Paranhos",21,3,2,88,105,8.73689494805411,114
2013,"Mouphtaou Yarou",21,2,2,88,93,3.53553390593274,114
2013,"Travis Releford",20,3,2,86,122,18.5831464863551,116
2013,"Doug Anderson",20,1,1,81,81,,116
2013,"Aziz N'Diaye",18,2,1,83,108,17.6776695296637,118
2013,"Strahinja Stojacic",18,1,1,83,83,,118
2013,"Nick Minnerath",17,1,1,84,84,,120
2013,"Ramon Galloway",16,2,1,85,118,23.3345237791561,121
2013,"Leo Westermann",15,1,1,86,86,,122
2013,"Zeke Adams",15,1,1,64,64,,122
2013,"Brandon Triche",14,3,2,93,111,9.8657657246325,124
2013,"Dwayne Davis",13,1,1,88,88,,125
2013,"Derrick Nix",12,1,1,89,89,,126
2013,"Jordan Henriquez",12,1,1,89,89,,126
2013,"E.J. Singler",11,1,1,90,90,,128
2013,"Dexter Strickland",9,1,1,92,92,,129
2013,"Tyler Brown",9,1,1,92,92,,129
2013,"Joan Sastre",7,1,1,94,94,,131
2013,"Vincent Council",7,1,1,94,94,,131
2013,"Norvel Pelle",6,1,1,95,95,,133
2013,"Ra'Shad James",6,1,1,95,95,,133
2013,"Angelo Sharpless",5,1,1,96,96,,135
2013,"Ian Clark",4,2,1,97,116,13.4350288425444,136
2013,"Reggie Johnson",4,2,1,97,110,9.19238815542512,136
2013,"Rotnei Clarke",3,2,1,98,128,21.2132034355964,138
2013,"Devin Booker Clemson",3,1,1,98,98,,138
2013,"Keion Bell",3,1,1,98,98,,138
2013,"Tony Woods",3,1,1,98,98,,138
2013,"Vander Joaquim",2,1,1,99,99,,142
2013,"Marshawn Powell",1,1,1,100,100,,143
2013,"Mindaugas Kupsas",1,1,1,100,100,,143
2013,"Andrew Smith",0,1,0,101,101,,145
2013,"Chase Tapley",0,1,0,106,106,,145
2013,"Josiah Turner",0,1,0,126,126,,145
2013,"Kevin Dillard",0,1,0,120,120,,145
2013,"Larry Drew II",0,1,0,127,127,,145
2013,"Murphy Holloway",0,1,0,109,109,,145
2013,"Scott Wood",0,1,0,121,121,,145
2013,"Trent Lockett",0,1,0,107,107,,145
2014,"Patric Young",413,10,10,34,59,9.71596624119289,41
2014,"Khem Birch",399,8,8,32,55,8.64787339672097,43
2014,"Artem Klimenko",388,9,9,37,68,11.1853078237083,44
2014,"Jahii Carson",268,8,8,36,86,15.0332963783729,54
2014,"Jabari Brown",262,7,7,46,85,15.2252922405294,55
2014,"James Michael McAdoo",255,9,8,39,120,24.0612643982906,57
2014,"Cristiano Felicio",250,6,6,28,100,25.0572677414491,58
2014,"Fuquan Edwin",240,7,7,46,90,14.3377623279028,60
2014,"Javon McCrea",233,4,4,26,66,19.6192932254622,62
2014,"LaQuinton Ross",230,6,6,35,85,19.0648017736001,63
2014,"C.J. Fair",228,8,8,42,89,15.0023807634465,64
2014,"Bryce Cotton",219,7,6,49,110,24.1246761636296,65
2014,"Jordan Bachynski",209,7,7,52,78,10.5492044385211,67
2014,"Melvin Ejim",201,8,8,26,94,22.6554156250301,68
2014,"Mike Moser",180,4,4,25,87,25.3113940087595,70
2014,"Sim Bhullar",178,6,6,46,94,17.6597470725565,71
2014,"DeAndre Kane",166,6,6,57,99,14.5143607047182,73
2014,"Casey Prather",160,6,6,38,96,20.1461327968091,74
2014,"Kendall Williams",157,6,6,56,93,12.9215582135695,75
2014,"Keith Appling",145,6,5,51,107,18.2364104655129,77
2014,"Kendrick Perry",140,3,3,29,87,29.6872587709498,78
2014,"Aaron Craft",128,7,7,69,99,13.5242286990705,79
2014,"Ioannis Papapetrou",124,5,5,53,95,19.2535710973315,81
2014,"Isaiah Sykes",124,3,3,44,70,13.7961347243833,81
2014,"Eric Moreland",115,7,7,70,95,8.20278698283177,84
2014,"Sean Kilpatrick",108,6,6,66,100,11.1713920350152,85
2014,"Scottie Wilbekin",107,5,5,45,98,21.0546906887753,86
2014,"Taylor Braun",101,4,4,51,92,17.7458915433028,87
2014,"Shayne Whittington",97,4,4,74,80,2.5,88
2014,"Akil Mitchell",95,5,4,61,130,26.9016728104406,89
2014,"Okaro White",92,3,3,48,90,21.1266025033211,90
2014,"Juvonte Reddic",91,6,6,60,100,15.2763433670059,91
2014,"Jerrelle Benimon",81,3,3,57,86,15.1327459504216,93
2014,"Daniel Miller",79,4,3,50,118,29.2289810519172,94
2014,"Andre Dawkins",78,4,4,64,92,12.369316876853,95
2014,"Alex Kirk",77,6,6,83,99,5.67156650905785,96
2014,"Rasmus Larsen",76,2,2,51,75,16.9705627484771,97
2014,"Davion Berry",73,2,2,62,67,3.53553390593274,98
2014,"Malcolm Miller",70,2,2,52,80,19.7989898732233,99
2014,"Richard Solomon",69,5,5,66,96,12.2351951353462,100
2014,"Troy Huff",69,2,2,66,67,0.707106781186548,100
2014,"Tarik Black",68,2,2,58,76,12.7279220613579,102
2014,"Trevor Releford",68,2,2,57,77,14.142135623731,102
2014,"De'Mon Brooks",66,2,2,49,87,26.8700576850888,105
2014,"T.J. Bray",62,2,2,65,75,7.07106781186548,106
2014,"Victor Arteaga",61,2,2,45,96,36.0624458405139,107
2014,"Niels Giffey",59,3,3,59,98,20.1080415091409,108
2014,"Chris Udofia",58,1,1,43,43,,109
2014,"Isaiah Austin",58,1,1,43,43,,109
2014,"Tymell Murphy",57,1,1,44,44,,111
2014,"Ronald Roberts",53,2,2,56,93,26.1629509039023,112
2014,"Devyn Marble",51,1,1,50,50,,113
2014,"Djordje Drenovac",51,1,1,50,50,,113
2014,"Viktor Gaddefors",50,3,3,82,88,3.21455025366432,115
2014,"Markel Starks",49,2,2,72,81,6.36396103067893,116
2014,"Davante Gardner",48,1,1,53,53,,117
2014,"Ojars Silins",46,2,2,65,91,18.3847763108502,118
2014,"Geron Johnson",44,4,4,83,99,7.07106781186548,119
2014,"Ondrej Balvin",43,3,3,76,97,10.5039675043925,120
2014,"Roscoe Smith",43,3,3,78,95,8.50490054811538,120
2014,"Guillermo Hernangomez",40,1,1,61,61,,122
2014,"Jakarr Sampson",39,4,3,82,122,18.4300479290388,124
2014,"Jordan Dykstra",39,1,1,62,62,,124
2014,"Langston Galloway",36,3,2,72,109,18.6100331362771,127
2014,"Justin Cobbs",32,3,2,78,126,24.6846781087648,129
2014,"Axel Toupane",32,2,2,75,95,14.142135623731,129
2014,"Devon Collier",31,2,2,80,91,7.77817459305202,132
2014,"DeQuan Hicks",31,1,1,70,70,,132
2014,"Kyle Casey",30,1,1,71,71,,134
2014,"Michalis Kamperidis",29,1,1,72,72,,135
2014,"Billy Baron",27,3,2,82,108,13.0511813003013,137
2014,"Travis Bader",27,2,2,83,92,6.36396103067893,137
2014,"Sherman Blanford",26,1,1,75,75,,139
2014,"Jake Odum",25,3,2,83,102,9.53939201416946,140
2014,"Michael Dixon",21,1,1,80,80,,141
2014,"Chaz Williams",20,1,1,81,81,,142
2014,"God's Gift Achiuwa",17,1,1,84,84,,143
2014,"Halil Kanacevic",17,1,1,84,84,,143
2014,"Philipp Neumann",16,1,1,85,85,,145
2014,"Brendan Lane",13,1,1,88,88,,146
2014,"Sam Dower",12,1,1,89,89,,147
2014,"Cameron Clark",10,1,1,91,91,,149
2014,"Talib Zanna",9,2,1,92,112,14.142135623731,150
2014,"Devin Oliver",8,2,1,93,101,5.65685424949238,151
2014,"Ryan Watkins",8,1,1,93,93,,151
2014,"Chris Crawford",7,1,1,94,94,,153
2014,"Joe Jackson",6,2,1,95,111,11.3137084989848,154
2014,"Travis McKie",6,1,1,95,95,,154
2014,"Roberto Nelson",5,1,1,96,96,,156
2014,"Austin Hollins",4,2,1,97,128,21.920310216783,157
2014,"George Beamon",4,1,1,97,97,,157
2014,"Lenzelle Smith",4,1,1,97,97,,157
2014,"Maximilian Kleber",4,1,1,97,97,,157
2014,"James Bell",3,2,1,98,123,17.6776695296637,161
2014,"Artem Pustovyi",3,1,1,98,98,,161
2014,"Dwayne Evans",2,1,1,99,99,,163
2014,"Tyler Johnson",2,1,1,99,99,,163
2014,"Will Sheehey",2,1,1,99,99,,163
2014,"Jamil Wilson",1,1,1,100,100,,166
2014,"Justin Jackson - Cincinnati",1,1,1,100,100,,166
2014,"Moussa Gueye",1,1,1,100,100,,166
2014,"Shawn Jones",1,1,1,100,100,,166
2014,"Chane Behanan",0,1,0,117,117,,170
2014,"Dmitry Kulagin",0,1,0,116,116,,170
2014,"Rhamel Brown",0,1,0,127,127,,170
2014,"Tim Frazier",0,1,0,113,113,,170
2014,"Tristan Spurlock",0,1,0,106,106,,170
2015,"Christian Wood",415,11,11,21,42,7.2950792879983,28
2015,"Jonathan Holmes",345,8,8,24,48,8.70857541244753,33
2015,"Michael Frazier",335,10,10,24,57,11.6146459265877,37
2015,"Robert Upshaw",333,9,9,28,60,12.7780193213885,38
2015,"Cliff Alexander",326,10,10,29,57,7.56012933457858,40
2015,"Mouhammadou Jaiteh",265,10,10,32,52,6.5157927802805,48
2015,"Vince Hunter",238,9,9,39,56,6.54683978046745,50
2015,"Michael Qualls",228,8,8,33,69,12.1743289636138,52
2015,"Alan Williams",180,6,6,45,81,12.3881663964715,57
2015,"Quinn Cook",163,5,5,54,80,11.0589330407594,59
2015,"Terran Petteway",144,5,5,39,83,18.5391477689779,61
2015,"Brandon Ashley",142,5,5,48,91,16.0405735558302,62
2015,"T.J. McConnell",140,6,6,52,75,9.54288565721432,63
2015,"Dez Wells",134,6,6,46,75,11.4134423670804,65
2015,"Aaron Harrison",131,4,4,60,75,6.23832242407097,66
2015,"Treveon Graham",127,4,4,64,74,4.11298755975102,67
2015,"Chris Walker",126,5,5,57,77,8.5848704125339,68
2015,"Corey Hawkins",97,4,4,65,84,8.53912563829967,71
2015,"Chasson Randle",87,3,3,58,81,12.2882057274445,73
2015,"Shawn Dawson",86,3,3,65,86,11.8462370959446,74
2015,"Keifer Sykes",84,4,4,73,85,6,75
2015,"Julian Washburn",79,2,2,52,71,13.4350288425444,77
2015,"Awudu Abass",68,2,2,67,67,0,79
2015,"Kenneth Smith",68,2,2,62,72,7.07106781186548,79
2015,"Mateusz Ponitka",67,3,3,73,90,9.81495457622364,82
2015,"TaShawn Thomas",65,3,3,71,87,8.02080627701064,83
2015,"Ryan Boatright",61,5,5,59,100,19.6137706726677,84
2015,"Juwan Staten",60,3,3,63,98,17.5214154679352,85
2015,"Luis Montero",59,1,1,42,42,,86
2015,"D.J. Newbill",56,4,4,72,95,10.295630140987,87
2015,"Travis Trice",55,1,1,46,46,,88
2015,"Wesley Saunders",53,3,3,71,90,10.6926766215636,89
2015,"Trevor Lacey",48,3,3,79,92,6.557438524302,91
2015,"Adin Vrabac",47,2,2,72,83,7.77817459305202,92
2015,"Darion Atkins",46,3,3,74,99,12.5830573921179,93
2015,"Briante Weber",44,3,3,74,94,10.785793124909,94
2015,"Shannon Scott",41,3,3,86,89,1.52752523165195,95
2015,"Bryce Dejean-Jones",40,1,1,61,61,,96
2015,"Ailun Guo",37,2,2,79,86,4.94974746830583,97
2015,"Derrick Marks",36,4,4,81,99,7.74596669241483,98
2015,"Le'Bryan Nash",36,2,2,68,98,21.2132034355964,98
2015,"Kevin Pangos",35,1,1,66,66,,100
2015,"Jarvis Williams",34,1,1,67,67,,102
2015,"Guillem Vives",32,3,3,77,98,11.5902257671425,103
2015,"Seth Tuttle",30,3,3,58,90,17.2143351115671,104
2015,"Nenad Miljenovic",28,2,2,86,88,1.4142135623731,105
2015,"Sam Thompson",24,2,2,81,97,11.3137084989848,107
2015,"Joshua Smith",23,2,2,87,92,3.53553390593274,108
2015,"Will Cummings",23,1,1,78,78,,108
2015,"Wayne Blackshear",21,1,1,80,80,,110
2015,"D'Angelo Harrison",19,1,1,82,82,,111
2015,"Ziga Dimec",18,1,1,83,83,,112
2015,"Kevin Dinal",16,1,1,85,85,,113
2015,"Rayvonte Rice",14,2,2,93,95,1.4142135623731,114
2015,"Tyler Haws",13,1,1,88,88,,115
2015,"Isaac Fotu",12,1,1,89,89,,117
2015,"Ralston Turner",11,1,1,90,90,,118
2015,"Gabe Olaseni",9,1,1,92,92,,120
2015,"Askia Booker",7,1,1,94,94,,122
2015,"Yanick Moreira",6,1,1,95,95,,123
2015,"Chavaughn Lewis",5,1,1,96,96,,124
2015,"David Kravish",5,1,1,96,96,,124
2015,"Andre Hollins",4,1,1,97,97,,126
2015,"George De Paula",4,1,1,47,47,,126
2015,"LaDontae Henton",3,1,1,98,98,,128
2015,"Royce O'Neale",1,1,1,100,100,,129
2016,"Gary Payton II",446,11,11,23,56,10.9859414294319,38
2016,"Robert Carter",331,9,9,35,71,10.7870807501896,51
2016,"Jarrod Uthoff",284,8,8,33,75,14.7357679522601,55
2016,"Dorian Finney-Smith",283,8,8,39,81,13.1359648076786,56
2016,"Cat Barber",274,7,7,39,62,7.92524597785607,57
2016,"Wayne Selden",264,9,9,47,91,14.6799182559032,58
2016,"Sheldon McClellan",264,7,7,38,72,11.4142767745361,58
2016,"James Webb III",217,6,6,51,77,10.2648266749452,62
2016,"Perry Ellis",212,6,6,45,90,16.4519502390041,63
2016,"Troy Williams",192,7,7,50,79,11.5243014456202,64
2016,"Ron Baker",188,7,7,56,80,9.74435123301603,65
2016,"Yogi Ferrell",187,6,6,58,80,8.72735164105736,66
2016,"Fred VanVleet",180,6,6,42,85,17.0841056735981,67
2016,"Derrick Jones",178,7,7,49,86,12.4556355575642,69
2016,"Elgin Cook",176,5,5,46,78,12.3369364106329,70
2016,"Prince Ibeh",175,8,8,47,95,19.0670808313326,71
2016,"Kyle Wiltjer",168,7,6,51,125,23.8876337802439,72
2016,"Damion Lee",155,5,5,55,95,15.9373774505092,73
2016,"Isaiah Taylor",143,6,6,67,91,9.4745272529381,75
2016,"Shawn Long",143,6,6,65,91,10.8888321993989,75
2016,"Isaiah Miles",139,5,5,64,86,10.9178752511649,77
2016,"Danuel House",135,6,5,54,113,21.0404372578138,78
2016,"Alex Poythress",127,6,6,55,96,14.8514870187018,80
2016,"Zach Auguste",121,6,6,53,95,15.0919404539863,81
2016,"Josh Adams",120,4,4,68,77,4.08248290463863,82
2016,"Brannen Greene",115,6,5,66,106,15.6034184288785,83
2016,"Jameel Warney",114,6,6,54,100,17.7049898804452,84
2016,"A.J. English",107,6,6,60,91,12.2433655503705,85
2016,"Kyle Collinsworth",104,4,3,57,107,23.5159520326097,86
2016,"Marshall Plumlee",103,5,4,64,127,24.2342732509147,87
2016,"Julian Jacobs",101,4,4,60,94,14.1037819986934,88
2016,"Gracin Bakumanya",96,5,4,67,129,25.1455761516812,89
2016,"Egidijus Mockevicius",86,5,5,52,98,18.7002673777676,90
2016,"Tim Quarterman",85,7,6,59,117,18.2652415154864,91
2016,"Andrey Desyatnikov",76,4,3,54,107,24.1729876790879,92
2016,"Thomas Walkup",71,4,4,53,98,20.5,93
2016,"Alex Caruso",63,5,5,54,100,16.6373074744683,94
2016,"Jalen Reynolds",61,3,3,60,92,17.925772879665,95
2016,"Daniel Ochefu",47,3,2,57,101,25.1197133741609,96
2016,"Jaysean Paige",46,1,1,55,55,,97
2016,"Michael Carrera",45,1,1,56,56,,98
2016,"David Walker",39,4,2,80,105,13.0735101126923,99
2016,"Rosco Allen",37,3,3,84,94,5.03322295684717,101
2016,"Mamadou Ndiaye",35,4,3,82,111,12.0104121494643,102
2016,"Josh Scott",35,3,2,70,104,17.9536440126603,102
2016,"Alex Hamilton",35,2,1,66,124,41.0121933088198,102
2016,"Chris Obekpa",35,1,1,66,66,,102
2016,"Shonn Miller",34,1,1,67,67,,106
2016,"Kaleb Tarczewski",33,3,3,81,99,9,107
2016,"Rasheed Sulaimon",30,3,2,76,108,16.1658075373095,108
2016,"John Brown",30,1,1,71,71,,108
2016,"Moussa Diagne",28,3,3,86,97,5.5075705472861,110
2016,"Nathan Boothe",28,2,2,75,99,16.9705627484771,110
2016,"Devin Williams",27,3,2,82,120,19.55334583475,112
2016,"Marcus Georges-Hunt",27,3,2,78,116,19,112
2016,"Anthony Gill",25,3,2,87,125,21.1266025033211,114
2016,"Ryan Arcidiacono",23,3,2,79,114,17.6162803489651,115
2016,"Jarelle Reischel",22,1,1,79,79,,116
2016,"Ilja Gromovs",20,1,1,81,81,,117
2016,"Nick Faust",18,1,1,83,83,,118
2016,"James Farr",17,1,1,84,84,,119
2016,"Stefan Jankovic",15,4,2,91,122,14.3149106412393,120
2016,"Shevon Thompson",15,2,2,92,95,2.12132034355964,120
2016,"Michael Bryson",15,1,1,86,86,,120
2016,"Oriol Pauli",15,1,1,86,86,,120
2016,"Devin Thomas",14,1,1,87,87,,124
2016,"Emmanuel Malou",13,4,2,89,124,16.350331291241,125
2016,"Jalen Jones",9,1,1,92,92,,127
2016,"Tyler Harris Auburn",8,1,1,93,93,,128
2016,"Brandon Austin",7,2,2,95,100,3.53553390593274,129
2016,"Andrew Andrews",7,2,1,94,109,10.6066017177982,129
2016,"Nikola Jovanovic",6,2,2,96,100,2.82842712474619,132
2016,"Marvelle Harris",6,2,1,95,115,14.142135623731,132
2016,"Bryn Forbes",5,1,1,96,96,,134
2016,"D'Vauntes Smith-Rivera",3,1,1,98,98,,135
2016,"Dyshawn Pierre",3,1,1,98,98,,135
2016,"Josh Hagins",3,1,1,98,98,,135
2016,"Goodluck Okonoboh",2,1,1,99,99,,138
2016,"Rico Gathers",2,1,1,99,99,,138
2016,"Jameel McKay",0,2,0,122,123,0.707106781186548,141
2016,"Majok Deng",0,2,0,103,117,9.89949493661167,141
2016,"Retin Obasohan",0,2,0,104,121,12.0208152801713,141
2016,"Shavon Shields",0,2,0,108,110,1.4142135623731,141
2016,"Angel Rodriguez",0,1,0,126,126,,141
2016,"Anthony Odunsi",0,1,0,116,116,,141
2016,"Chris Smith",0,1,0,118,118,,141
2016,"Gevin Williams",0,1,0,130,130,,141
2016,"Justin Edwards",0,1,0,128,128,,141
2016,"Kevin Punter",0,1,0,119,119,,141
2016,"Marius Grigonis",0,1,0,113,113,,141
2016,"Markus Kennedy",0,1,0,123,123,,141
2016,"Matt Costello",0,1,0,114,114,,141
2016,"Nikola Ivanovic",0,1,0,102,102,,141
2016,"Quenton DeCosey",0,1,0,120,120,,141
2016,"Shaquille Harrison",0,1,0,110,110,,141
2016,"Stacy Davis",0,1,0,109,109,,141
2016,"Tonye Jekiri",0,1,0,105,105,,141
2016,"Wes Washpun",0,1,0,112,112,,141
2016,"Winston Shepard",0,1,0,121,121,,141
2017,"Cameron Oliver",570,15,15,17,55,10.5166534601079,38
2017,"Johnathan Motley",556,15,15,25,67,10.2571693858259,39
2017,"Devin Robinson",457,14,14,27,66,11.9653804649217,49
2017,"PJ Dozier",437,14,14,22,59,9.03716380676646,52
2017,"L.J. Peak",275,12,11,46,113,19.2186383650367,59
2017,"Andrew White",255,10,10,48,80,10.0138792571999,61
2017,"Jonathan Jeanne",242,8,7,31,130,32.0799781795437,63
2017,"Kobi Simmons",226,7,6,51,117,22.1509969677815,64
2017,"Isaiah Hicks",224,6,6,52,80,9.60555394897487,65
2017,"V.J. Beachem",219,10,9,49,116,20.0177698835587,66
2017,"Melo Trimble",195,7,7,54,84,9.87300311334857,68
2017,"Derrick Walton",194,8,8,59,89,12.2211760013979,69
2017,"Kennedy Meeks",194,6,6,46,92,18.1070888512391,69
2017,"Eric Mika",190,7,7,55,84,11.0367351970374,71
2017,"Isaiah Briscoe",186,7,6,56,101,14.4667105551232,73
2017,"Jacob Wiley",177,6,6,42,79,14.1762712539887,74
2017,"Chris Boucher",175,8,8,56,97,16.847530552407,75
2017,"Luke Kornet",171,7,7,53,84,10.4790039512123,76
2017,"Peter Jok",165,7,7,62,87,8.52168103246347,77
2017,"James Blackmon",158,7,7,48,90,14.2461356497957,78
2017,"Nigel Hayes",147,6,6,57,94,12.4378454725889,79
2017,"Antonio Blakeney",134,7,6,63,110,16.5773798837308,80
2017,"Jamel Artis",120,6,6,56,93,13.3416640641263,81
2017,"Deonte Burton",117,4,4,59,80,9.53502316025854,82
2017,"Malcolm Hill",113,6,6,69,95,8.63519928355256,83
2017,"Isaac Humphries",108,6,6,69,92,8.69482604771366,85
2017,"George de Paula",108,5,5,57,97,16.4711869639076,85
2017,"Alberto Abalde",106,4,4,48,95,22.8108161479008,87
2017,"Jeremy Morgan",97,4,4,52,92,18.2094297915485,88
2017,"Ben Moore",91,7,7,53,98,16.6175466643803,89
2017,"Charles Cooke",91,5,4,60,111,22.3091909310938,89
2017,"Wesley Da Silva",85,5,4,49,118,24.8153178500699,91
2017,"Kris Jenkins",81,4,4,67,91,10.2102889283311,92
2017,"Chance Comanche",78,4,3,66,107,18.5652004208591,93
2017,"Moses Kingsley",72,4,4,68,96,13.2161517343993,94
2017,"Michael Young",72,3,3,58,92,17.3493515728975,94
2017,"Amile Jefferson",66,4,4,70,98,13.1782649338472,96
2017,"Michael Fusek",58,2,2,57,87,21.2132034355964,97
2017,"Amida Brimah",57,5,4,70,123,19.8368344248774,98
2017,"Marcus Keene",57,4,4,81,99,8.34166250416147,98
2017,"Antonius Cleveland",55,5,4,76,125,18.6735106501161,100
2017,"Rodney Pryor",48,1,1,53,53,,101
2017,"Rolands Smits",46,2,2,77,79,1.4142135623731,102
2017,"Jalen Moore",45,2,2,70,87,12.0208152801713,103
2017,"Marko Guduric",45,2,2,61,96,24.7487373415292,103
2017,"Paris Bass",40,2,2,72,90,12.7279220613579,106
2017,"Zak Irvin",39,5,4,85,129,17.7538728169377,107
2017,"Austin Nichols",39,3,3,72,97,13.8924439894498,107
2017,"Jaylen Johnson",38,2,2,75,89,9.89949493661167,109
2017,"Kostja Mushidi",31,1,1,30,30,,110
2017,"Luke Fischer",30,2,1,71,112,28.9913780286484,111
2017,"Bronson Koenig",28,2,2,78,96,12.7279220613579,112
2017,"Jordan Washington",28,1,1,73,73,,112
2017,"Marcus Marshall",27,1,1,74,74,,114
2017,"Landen Lucas",26,3,3,89,95,3.05505046330389,115
2017,"Przemek Karnowski",25,4,4,84,100,7.27438428093173,116
2017,"Felipe Dos Anjos",25,1,1,76,76,,116
2017,"Reggie Upshaw",24,2,2,58,80,15.556349186104,118
2017,"JaJuan Johnson - Marquette",23,3,3,93,94,0.577350269189626,120
2017,"J.J. Frazier",23,1,1,78,78,,120
2017,"Maurice Watson",23,1,1,78,78,,120
2017,"Ismael Bako",20,3,3,86,99,7.23417813807024,123
2017,"Jack Gibbs",20,1,1,81,81,,123
2017,"Youssoupha Fall",19,2,2,90,93,2.12132034355964,125
2017,"Josh Hawkinson",18,1,1,83,83,,127
2017,"Jordan Mathews",17,1,1,84,84,,128
2017,"T.J. Williams",15,2,2,89,98,6.36396103067893,129
2017,"Justin Tuoyo",15,2,1,86,127,28.9913780286484,129
2017,"Tidjan Keita",14,2,2,89,99,7.07106781186548,131
2017,"Erik McCree",14,1,1,87,87,,131
2017,"Andrew Chrabascz",13,1,1,88,88,,133
2017,"Trevor Thompson",11,3,3,95,100,2.51661147842358,135
2017,"Simon Birgander",11,2,2,95,96,0.707106781186548,135
2017,"Blake Hamilton",11,1,1,90,90,,135
2017,"Jeremy Senglin",10,1,1,91,91,,138
2017,"Kenan Sipahi",10,1,1,91,91,,138
2017,"Tadas Sedekerskis",10,1,1,91,91,,138
2017,"London Perrantes",8,1,1,93,93,,141
2017,"T.J. Cline",7,1,1,94,94,,142
2017,"Sidy Djitte",6,1,1,95,95,,143
2017,"Xavier Rathan-Mayes",5,1,1,96,96,,144
2017,"Emmanuel Omogbo",4,1,1,97,97,,145
2017,"Robert Hubbs",4,1,1,97,97,,145
2017,"James Birsen",2,1,1,99,99,,147
2017,"Lucas Dias Silva",2,1,1,99,99,,147
2017,"Tyler Roberson",2,1,1,99,99,,147
2017,"Nedim Buza",1,1,1,100,100,,150
2017,"Tim Kempton",1,1,1,100,100,,150
2017,"Chris Flemmings",0,1,0,102,102,,152
2017,"Cullen Russo",0,1,0,124,124,,152
2017,"Dallas Moore",0,1,0,121,121,,152
2017,"Derek Willis",0,1,0,103,103,,152
2017,"Hassan Martin",0,1,0,108,108,,152
2017,"Jimmy Hall",0,1,0,120,120,,152
2017,"Kendall Pollard",0,1,0,128,128,,152
2017,"Lorenzo Bonam",0,1,0,114,114,,152
2017,"Rashawn Thomas",0,1,0,104,104,,152
2017,"Shawn Prudhomme",0,1,0,126,126,,152
2017,"Tyler Cavanaugh",0,1,0,122,122,,152
2017,"Xavier Johnson",0,1,0,109,109,,152
2018,"Rawle Alkins",548,15,15,22,65,10.5658930165933,44
2018,"Trevon Duval",548,14,14,35,53,5.26860909142458,44
2018,"Kenrich Williams",474,17,17,24,72,11.9794554526146,47
2018,"Malik Newman",460,14,14,33,62,9.96697844588114,50
2018,"Gary Clark",436,15,15,23,82,14.6378504797209,53
2018,"Brandon McCoy",360,13,13,29,73,11.5386752116968,57
2018,"Allonzo Trier",329,8,8,46,70,8.40811682669958,60
2018,"Keenan Evans",263,9,8,48,111,19.4343624656031,65
2018,"Theo Pinson",262,9,9,58,83,7.9965270239301,66
2018,"Bonzie Colson",247,8,8,42,79,12.5064269192169,68
2018,"Yante Maten",235,9,9,44,88,13.1508343630526,69
2018,"D.J. Hogg",217,9,8,50,102,15.5035838150768,70
2018,"Wenyen Gabriel",202,8,8,52,91,14.5184611541897,72
2018,"Billy Preston",202,8,7,54,120,20.8493747765114,72
2018,"Donte Grantham",182,8,8,62,88,9.16125381312904,74
2018,"Jaylen Barford",167,6,6,59,94,12.2215656389297,75
2018,"Isaac Haas",157,7,7,72,92,6.5791879655254,76
2018,"Tryggvi Hlinason",156,9,8,60,113,16.4173011721713,77
2018,"Jaylen Adams",154,9,9,53,96,13.4536240470737,78
2018,"Tyler Davis",146,6,6,65,89,9.66781602362533,79
2018,"Ajdin Penava",145,8,8,43,98,17.8200328683359,80
2018,"Bryant Crawford",130,8,8,62,98,11.6619037896906,81
2018,"Marcus Foster",130,5,5,44,93,19.3261480900877,81
2018,"Deng Adel",127,8,7,69,128,18.0158660233537,83
2018,"Malik Pope",127,7,7,64,98,10.8693540352156,83
2018,"Trevon Bluiett",107,6,5,65,108,16.3666327223002,85
2018,"Marcus Derrickson",107,5,5,55,85,11.3048662088501,85
2018,"Doral Moore",102,5,4,45,102,21.824298385057,87
2018,"Jock Landale",90,6,6,56,100,17.5157072366491,89
2018,"Dakota Mathias",78,6,4,62,132,25.7966406081619,90
2018,"Joel Berry",72,6,6,81,96,7.07106781186548,91
2018,"Desi Rodriguez",72,5,4,55,112,23.9102488485586,91
2018,"Jo Lual-Acuil",71,4,4,69,94,10.688779163216,93
2018,"Rob Gray",68,5,4,66,110,17.2973986483517,94
2018,"Xavier Cooks",68,2,2,41,63,15.556349186104,94
2018,"J.P. Macura",64,6,5,70,119,16.3176795735995,96
2018,"Angel Delgado",64,4,3,74,116,18.8215302247187,96
2018,"Johnathan Williams",62,5,5,79,100,10.1143462467922,98
2018,"Jared Terrell",58,4,3,66,110,18.0992633367586,99
2018,"Daryl Macon",48,3,3,67,88,11.3578166916005,100
2018,"Kelan Martin",48,3,2,61,118,28.5715476187996,100
2018,"Elijah Stewart",45,4,4,83,99,6.70198975429437,102
2018,"Jeff Roberson",42,1,1,59,59,,103
2018,"Anas Mahmoud",38,6,5,80,126,15.9174956154122,104
2018,"Thomas Wilder",34,5,4,87,109,8.31865373723417,105
2018,"Chris Chiozza",34,4,3,62,152,37.3575070545845,105
2018,"Hayden Dalton",33,1,1,68,68,,107
2018,"Drew Eubanks",32,3,3,80,99,9.60902353693305,108
2018,"Dikembe Dixson",32,1,1,69,69,,108
2018,"Tra Holder",31,2,2,85,86,0.707106781186548,110
2018,"Jeffrey Carroll",30,4,3,82,124,17.6894507169292,111
2018,"Kendrick Nunn",30,4,3,74,117,17.710637105047,111
2018,"B.J. Johnson",30,2,2,80,92,8.48528137423857,111
2018,"Darral Willis",28,1,1,73,73,,114
2018,"Aleksandar Lazic",27,4,3,86,111,10.5316981853197,115
2018,"Egor Koulechov",27,3,3,87,100,7,115
2018,"MiKyle McIntosh",26,4,3,90,155,31.3793987620328,117
2018,"Vladimir Brodziansky",26,1,1,75,75,,117
2018,"Martinas Geben",25,1,1,76,76,,119
2018,"Jae'Sean Tate",24,3,2,69,114,22.5166604983954,120
2018,"Chris Cokley",24,1,1,77,77,,120
2018,"Elijah Bryant",21,2,1,80,123,30.4055915910215,122
2018,"Kendall Stephens",20,2,1,81,106,17.6776695296637,123
2018,"Jordan McLaughlin",19,3,2,68,140,41.2835721968598,124
2018,"Andrew Rowsey",19,2,2,87,96,6.36396103067893,124
2018,"Yuta Watanabe",18,3,2,92,142,28.8675134594813,126
2018,"Khadeem Lattin",18,1,1,83,83,,126
2018,"Johnny Hamilton",17,1,1,84,84,,128
2018,"Aleksa Ilic",16,2,1,69,119,35.3553390593274,129
2018,"Jordan Barnett",16,2,1,69,138,48.7903679018718,129
2018,"Bogdan Bliznyuk",16,1,1,85,85,,129
2018,"Desonta Bradford",16,1,1,55,55,,129
2018,"Kerem Kanter",13,1,1,88,88,,133
2018,"Zach Thomas",12,1,1,59,59,,134
2018,"Darius Thompson",11,2,1,90,113,16.2634559672906,135
2018,"Shaquille Morris",11,2,1,90,116,18.3847763108502,135
2018,"Cyrille Eliezer-Vanerot",8,1,1,93,93,,137
2018,"Muhammad-Ali Abdur-Rahkman",7,2,1,94,104,7.07106781186548,138
2018,"Kaiser Gates",5,3,2,97,139,23.43074902772,139
2018,"Kyle Washington",5,3,1,96,130,17.2433562085034,139
2018,"Marcus Lee",4,1,1,97,97,,141
2018,"Corey Sanders",3,1,1,98,98,,142
2018,"Herve Kabasele Kasonga",2,1,1,99,99,,143
2018,"Terry Larrier",1,1,1,100,100,,144
2018,"Zach Smith",1,1,1,100,100,,144
2018,"Ben Lammers",0,2,0,120,129,6.36396103067893,146
2018,"Daxter Miles",0,2,0,101,133,22.6274169979695,146
2018,"Dusan Ristic",0,2,0,115,117,1.4142135623731,146
2018,"Isaiah Wilkins",0,2,0,107,134,19.0918830920368,146
2018,"A.J. Davis",0,1,0,146,146,,146
2018,"Borisa Simanic",0,1,0,136,136,,146
2018,"Brandon Goodwin",0,1,0,131,131,,146
2018,"Brandon Randolph",0,1,0,103,103,,146
2018,"Chima Moneke",0,1,0,122,122,,146
2018,"Emmitt Holt",0,1,0,147,147,,146
2018,"Giddy Potts",0,1,0,150,150,,146
2018,"Ismael Sonogo",0,1,0,135,135,,146
2018,"Jarius Lyles",0,1,0,121,121,,146
2018,"Jordan Varnado",0,1,0,127,127,,146
2018,"Justin Bibbs",0,1,0,115,115,,146
2018,"Justin Johnson",0,1,0,107,107,,146
2018,"Justin Tillman",0,1,0,144,144,,146
2018,"Kam Chatman",0,1,0,125,125,,146
2018,"Khadeen Carrington",0,1,0,137,137,,146
2018,"Leron Black",0,1,0,148,148,,146
2018,"LiAngelo Ball",0,1,0,153,153,,146
2018,"Manu Lecomte",0,1,0,118,118,,146
2018,"Marc Garcia",0,1,0,105,105,,146
2018,"Marvin Clark",0,1,0,112,112,,146
2018,"Matt Farrell",0,1,0,145,145,,146
2018,"Nana Foulland",0,1,0,149,149,,146
2018,"Nate Mason",0,1,0,154,154,,146
2018,"Nick King",0,1,0,109,109,,146
2018,"Peyton Aldridge",0,1,0,103,103,,146
2018,"Reggie Lynch",0,1,0,141,141,,146
2018,"Tyler Nelson",0,1,0,151,151,,146
2018,"William Lee",0,1,0,101,101,,146
2019,"Jontay Porter",781,18,18,5,70,16.4670397671473,32
2019,"Terence Davis",668,17,17,25,54,8.68230113168027,39
2019,"Luguentz Dort",667,17,17,24,67,12.523800870155,40
2019,"DaQuan Jeffries",608,15,15,26,51,8.2848111166215,42
2019,"Shamorie Ponds",577,18,18,28,77,11.4492343551987,43
2019,"Naz Reid",520,17,17,31,67,11.2700801187193,44
2019,"Jalen Lecque",504,13,13,36,64,9.20005574119123,47
2019,"Louis King",476,17,17,29,83,15.2843152976392,50
2019,"Zach Norvell",458,15,15,28,66,10.633281086601,52
2019,"Zylan Cheatham",453,13,13,27,76,14.8820146141025,53
2019,"Yovel Zoosman",451,12,11,22,120,27.6387683363698,54
2019,"Dedric Lawson",334,12,12,38,94,14.8535782853422,63
2019,"Justin Robinson",312,9,9,45,92,16.2873502380767,65
2019,"Charles Matthews",307,12,11,32,141,27.7089855243363,66
2019,"Jaylen Hoard",275,10,10,52,100,15.5524203189657,67
2019,"Ky Bowman",268,8,8,39,88,14.6945082064209,69
2019,"John Konchar",256,11,11,31,91,22.0037186939762,70
2019,"Joshua Obiesie",238,9,9,48,94,15.0748134316813,71
2019,"Brian Bowen",226,10,10,39,93,15.8968899823554,72
2019,"Tacko Fall",202,7,7,54,88,11.0561338286987,73
2019,"Josh Reaves",179,8,8,34,97,23.0403372991183,74
2019,"Dean Wade",177,9,9,40,98,20.7545175805173,75
2019,"Jared Harper",171,7,7,59,86,11.6680271315616,76
2019,"Adam Mokoka",159,9,8,54,147,26.8188366638078,77
2019,"Oshae Brissett",143,8,7,52,102,17.8560713964266,80
2019,"Chris Clemons",142,9,8,41,116,22.1076909694341,81
2019,"Ethan Happ",140,6,6,61,95,12.4539150470846,82
2019,"Tyus Battle",138,7,7,72,90,7.38079876952288,83
2019,"Simisola Shittu",138,6,5,63,146,31.8166623013791,83
2019,"Jarrey Foster",136,7,7,58,98,13.437686875777,85
2019,"Sagaba Konate",132,9,8,45,113,18.7149672722129,86
2019,"Kris Wilkes",127,6,6,70,90,8.2320511822186,87
2019,"Kenny Wooten",117,7,6,56,143,27.1398494574201,88
2019,"Aubrey Dawkins",113,7,7,50,99,15.9552946877025,89
2019,"Kerwin Roach",104,8,6,58,104,16.5480900926447,91
2019,"Juwan Morgan",102,7,5,50,112,23.6924741918891,92
2019,"Robert Franks",95,6,5,55,101,15.7194147473753,93
2019,"Max Strus",93,4,3,68,129,29.5338788512447,94
2019,"Aric Holman",90,5,5,69,93,10.0349389634417,96
2019,"Bennie Boatwright",87,3,3,33,95,33.9558536926993,98
2019,"Charlie Brown",82,4,4,69,91,9.57427107756338,99
2019,"Jordan Caroline",77,4,3,72,142,33.4265363645911,100
2019,"Cameron Jackson",70,2,2,61,71,7.07106781186548,101
2019,"D'Marcus Simonds",65,6,4,46,120,28.654260881528,102
2019,"Moses Brown",62,5,3,57,111,21.2320512433443,103
2019,"Tyler Cook",60,6,4,49,117,24.8971216542529,104
2019,"Rayjon Tucker",59,5,4,63,133,24.845522735495,105
2019,"Amir Coffey",58,5,4,78,127,20.583974348993,106
2019,"Jeremiah Martin",55,3,3,66,73,4.04145188432738,107
2019,"James Palmer",44,5,3,75,115,15.7892368403289,108
2019,"Lindell Wigginton",43,4,2,70,116,20.5649377987551,109
2019,"Matt Morgan",43,2,2,74,85,7.77817459305202,109
2019,"Caleb Martin",40,3,2,80,101,11.5902257671425,111
2019,"Chris Silva",39,2,2,71,73,1.4142135623731,112
2019,"Nick Ward",39,1,1,62,62,,112
2019,"Mike Daum",38,2,2,75,89,9.89949493661167,114
2019,"Kenny Goins",35,1,1,66,66,,115
2019,"Luke Maye",34,1,1,67,67,,116
2019,"Amir Hinton",31,3,2,83,106,12.0968315410827,117
2019,"William McDowell-White",30,2,2,60,72,8.48528137423857,118
2019,"Charles Bassey",29,2,2,30,43,9.19238815542512,119
2019,"Daulton Hommes",26,3,3,86,91,2.64575131106459,121
2019,"C.J. Massinburg",25,3,2,81,115,17.0391705588427,122
2019,"Donta Hall",24,5,3,83,117,13.0843417870369,123
2019,"Christ Koumadje",24,2,2,86,92,4.24264068711928,123
2019,"Jordan Nwora",24,2,2,34,44,7.07106781186548,123
2019,"Barry Brown",23,2,2,80,99,13.4350288425444,126
2019,"Tre Jones",21,1,1,30,30,,127
2019,"Fletcher Magee",19,2,1,42,118,53.7401153701776,128
2019,"Marques Bolden",18,2,1,83,136,37.476659402887,129
2019,"Daishon Smith",18,1,1,83,83,,129
2019,"Milik Yarbrough",15,1,1,86,86,,131
2019,"Nicolas Baer",11,1,1,90,90,,133
2019,"Drew McDonald",10,1,1,91,91,,134
2019,"Jalen Hudson",10,1,1,91,91,,134
2019,"Matur Maker",10,1,1,91,91,,134
2019,"Jessie Govan",9,1,1,92,92,,137
2019,"Tyrese Haliburton",9,1,1,42,42,,137
2019,"Garrison Mathews",8,4,2,96,106,4.76095228569523,139
2019,"Zach Hankins",8,2,2,95,99,2.82842712474619,139
2019,"Corey Davis",6,4,3,97,140,20.5487225880345,141
2019,"Phil Booth",6,3,1,95,131,18.2300118851671,141
2019,"Amine Noua",6,2,1,95,119,16.9705627484771,141
2019,"Horace Spencer",6,1,1,95,95,,141
2019,"Jon Elmore",5,2,1,96,130,24.0416305603426,145
2019,"Nick Weiler-Babb",5,2,1,96,138,29.698484809835,145
2019,"Ashton Hagans",5,1,1,46,46,,145
2019,"Josh Sharma",4,1,1,97,97,,148
2019,"Markus Howard",4,1,1,47,47,,148
2019,"Markis McDuffie",3,2,1,98,137,27.5771644662754,150
2019,"Tookie Brown",3,2,1,98,125,19.0918830920368,150
2019,"Martin Krampelj",3,1,1,98,98,,150
2019,"Josh Perkins",1,3,1,50,135,43.3166634603051,153
2019,"Jalen Pickett",1,1,1,50,50,,153
2019,"Karim Jallow",1,1,1,100,100,,153
2019,"Nick Perkins",1,1,1,100,100,,153
2019,"Bryce Brown",0,2,0,112,155,30.4055915910215,157
2019,"Lamar Peters",0,2,0,107,110,2.12132034355964,157
2019,"Ahmad Caver",0,1,0,153,153,,157
2019,"Alex Robinson",0,1,0,144,144,,157
2019,"Anthony Lawrence",0,1,0,102,102,,157
2019,"Cameron Lard",0,1,0,122,122,,157
2019,"Christian James",0,1,0,145,145,,157
2019,"Devontae Cacok",0,1,0,106,106,,157
2019,"Ebuka Izundu",0,1,0,109,109,,157
2019,"Eli Cain",0,1,0,154,154,,157
2019,"Elijah Minnie",0,1,0,123,123,,157
2019,"Frankie Ferrari",0,1,0,119,119,,157
2019,"Isaac Copeland",0,1,0,121,121,,157
2019,"Isaiah Reese",0,1,0,114,114,,157
2019,"James Thompson IV",0,1,0,134,134,,157
2019,"Jeremy Harris",0,1,0,152,152,,157
2019,"Jordan Davis",0,1,0,105,105,,157
2019,"Jordan Murphy",0,1,0,103,103,,157
2019,"Justin Simon",0,1,0,149,149,,157
2019,"Kavell Bigby-Williams",0,1,0,108,108,,157
2019,"Kevarrius Hayes",0,1,0,124,124,,157
2019,"Kevin McClain",0,1,0,151,151,,157
2019,"Matt Mooney",0,1,0,150,150,,157
2019,"Maximo Fjellerup",0,1,0,128,128,,157
2019,"Shizz Alston",0,1,0,139,139,,157
2019,"Stephen Thompson",0,1,0,148,148,,157
2019,"Tariq Owens",0,1,0,126,126,,157
2019,"Torin Dorn",0,1,0,118,118,,157
2019,"Tre'Shawn Thurman",0,1,0,107,107,,157
